,Local description,Food composition record ID,NDNS Food group
0,7 Up free / light,8445,SOFT DRINKS LOW CALORIE CARBONATED
1,"Apple and blackcurrant squash / juice, with ADDED SUGAR, diluted",11581,SOFT DRINKS NOT LOW CALORIE CONCENTRATED
2,"Ackee, canned",1651,CANNED FRUIT IN JUICE
3,Aduki beans,8826,BEANS AND PULSES INCL READY MEAL & HOMEMADE DISHES
4,"Adcal D3, calcium (600mg) with vitamin D (10ug), including effervescent",10097,CALCIUM ONLY OR WITH VITAMIN D
5,"Amino acid powder, scoop (5g)",3401,OTHER NUTRIENT SUPPLEMENTS
6,"Animal fat (e.g. beef dripping, chicken fat)",858,OTHER COOKING FATS AND OILS NOT PUFA
7,Apple chutney,2417,SAVOURY SAUCES PICKLES GRAVIES & CONDIMENTS
8,"Apple & elderflower juice (e.g. Copella), 100% juice",11537,FRUIT JUICE
9,"Toddler/ growing up milk (2-3 years), e.g. Aptamil 4, Cow & Gate 4",11050,INFANT FORMULA
10,"Apple juice drink, ready to drink, no added sugar",3896,SOFT DRINKS LOW CALORIE RTD STILL
11,"Apple juice drink, ready to drink",8691,SOFT DRINKS NOT LOW CALORIE RTD STILL
12,Apple puree,10697,APPLES AND PEARS NOT CANNED
13,Apricot puree,10693,OTHER FRUIT NOT CANNED
14,"Apple slices, canned",10951,CANNED FRUIT IN JUICE
15,"Apricots, stewed",1971,OTHER FRUIT NOT CANNED
16,"Asparagus, raw",10422,SALAD AND OTHER RAW VEGETABLES
17,Aubergine & potato curry (e.g. brinjal aloo),5559,OTHER VEGETABLES INCLUDING HOMEMADE DISHES
18,Aubergine puree,11395,OTHER VEGETABLES INCLUDING HOMEMADE DISHES
19,"Aubergine, raw",1658,SALAD AND OTHER RAW VEGETABLES
20,Avocado puree,11363,OTHER FRUIT NOT CANNED
21,Vitamin B12 (50ug),10250,"SINGLE VITS OR MINS NOT Folic acid, Fe, Ca, Vit C"
22,Vitamin B12 (500ug),10846,"SINGLE VITS OR MINS NOT Folic acid, Fe, Ca, Vit C"
23,Vitamin B2 (100mg),4335,"SINGLE VITS OR MINS NOT Folic acid, Fe, Ca, Vit C"
24,"Vitamin B3 (niacin), 100mg",11172,"SINGLE VITS OR MINS NOT Folic acid, Fe, Ca, Vit C"
25,Batter,2607,OTHER CEREALS
26,Bacon and egg in a bun/muffin (e.g. bacon and egg McMuffin),1315,OTHER MEAT PRODUCTS MANUFACTURED INCL READY MEALS
27,"Baby biscuits/biscotti (e.g. Organix goodies, Heinz biscotti)",10329,COMMERCIAL TODDLERS FOODS
28,Banana chips,1979,BANANAS
29,Battered chicken balls (with or without sauce),1115,MANUFACTURED COATED CHICKEN / TURKEY PRODUCTS
30,"Bacon cheeseburger, in a bun (homemade)",11599,OTHER BEEF & VEAL INCLUDING HOMEMADE RECIPE DISHES
31,"Banana, baked",4369,BANANAS
32,"Barley, e.g pearl barley/wholegrain (uncooked)",4,OTHER CEREALS
33,"Bacon/gammon joint, boiled (including fat)",903,OTHER BACON AND HAM INCLUDING HOMEMADE DISHES
34,"Bacon, back/middle, smoked, grilled (including fat)",8238,OTHER BACON AND HAM INCLUDING HOMEMADE DISHES
35,Bacon/gammon  joint uncooked,917,OTHER BACON AND HAM INCLUDING HOMEMADE DISHES
36,"Bacon, not smoked, uncooked (fat removed)",917,OTHER BACON AND HAM INCLUDING HOMEMADE DISHES
37,"Bacon, unsmoked, uncooked (including fat)",917,OTHER BACON AND HAM INCLUDING HOMEMADE DISHES
38,"Bacon, unsmoked, fried (fat removed)",11495,OTHER BACON AND HAM INCLUDING HOMEMADE DISHES
39,Banana puree,10687,BANANAS
40,"Baby rice cake, flavoured (e.g. apple and raspberry)",10184,COMMERCIAL TODDLERS FOODS
41,Bacon sandwich with mayo white/malted bread,11480,SANDWICHES
42,Bacon sandwich with mayo  wholemeal/oatmeal bread,11551,SANDWICHES
43,Bacon sandwich with wholemeal/oatmeal bread,11429,SANDWICHES
44,"Bacon, smoked, fried (including fat)",8246,OTHER BACON AND HAM INCLUDING HOMEMADE DISHES
45,"Bacon, smoked, fried (fat removed)",11455,OTHER BACON AND HAM INCLUDING HOMEMADE DISHES
46,"Bacon, back/middle, smoked, grilled (fat removed)",9410,OTHER BACON AND HAM INCLUDING HOMEMADE DISHES
47,"Bacon, smoked, uncooked",917,OTHER BACON AND HAM INCLUDING HOMEMADE DISHES
48,"Bacon streaky, unsmoked, uncooked",917,OTHER BACON AND HAM INCLUDING HOMEMADE DISHES
49,"Bacon streaky, smoked, uncooked",917,OTHER BACON AND HAM INCLUDING HOMEMADE DISHES
50,"Bagel, wholemeal (brown)",11038,WHOLEMEAL BREAD
51,BBQ Southern fried chicken wrap,11481,SANDWICHES
52,"Beetroot, cooked",1691,OTHER VEGETABLES INCLUDING HOMEMADE DISHES
53,Beef and vegetable soup,6790,SOUP HOMEMADE
54,Beef biryani,1329,OTHER BEEF & VEAL INCLUDING HOMEMADE RECIPE DISHES
55,"Beef bolognese sauce, made with bottled pasta sauce",11560,OTHER BEEF & VEAL INCLUDING HOMEMADE RECIPE DISHES
56,"Beef bolognese sauce, shop-bought",11560,OTHER BEEF & VEAL INCLUDING HOMEMADE RECIPE DISHES
57,"Beef brisket/silverside, uncooked (including fat)",949,OTHER BEEF & VEAL INCLUDING HOMEMADE RECIPE DISHES
58,"Beef burger, fried (no bun)",1268,BURGERS AND KEBABS PURCHASED
59,Benecol buttery spread/margarine,3848,REDUCED FAT SPREAD (POLYUNSATURATED)
60,"Beef casserole mix, dry/packet",11333,SAVOURY SAUCES PICKLES GRAVIES & CONDIMENTS
61,Besan (chickpea) flour / gram flour,3963,OTHER CEREALS
62,Beef cobbler,9810,OTHER BEEF & VEAL INCLUDING HOMEMADE RECIPE DISHES
63,"Beef curry, canned",2810,OTHER BEEF & VEAL INCLUDING HOMEMADE RECIPE DISHES
64,"Beef curry, made with ready made sauce",8107,OTHER BEEF & VEAL INCLUDING HOMEMADE RECIPE DISHES
65,"Beef curry, ready meal, with rice",9318,MANUFACTURED BEEF PRODUCTS INCLUDING READY MEALS
66,"Beef curry, takeaway",8107,OTHER BEEF & VEAL INCLUDING HOMEMADE RECIPE DISHES
67,"Berocca, effervescent tablet",11017,VITAMINS AND MINERALS (INCL MULTIVITS & MINERALS)
68,Beef potato and vegetable stew,11558,OTHER BEEF & VEAL INCLUDING HOMEMADE RECIPE DISHES
69,"Beansprouts, fried",4558,OTHER VEGETABLES INCLUDING HOMEMADE DISHES
70,"Beef joint, uncooked (including fat)",949,OTHER BEEF & VEAL INCLUDING HOMEMADE RECIPE DISHES
71,"Beef lasagne, ready meal",1347,MANUFACTURED BEEF PRODUCTS INCLUDING READY MEALS
72,Benecol Light spread/margarine,3243,LOW FAT SPREAD NOT POLYUNSATURATED
73,Bertolli Light spread/margarine,10321,LOW FAT SPREAD NOT POLYUNSATURATED
74,"Beef meatballs, grilled or oven baked",8264,BURGERS AND KEBABS PURCHASED
75,Benecol olive spread/margarine,10042,REDUCED FAT SPREAD (NOT POLYUNSATURATED)
76,Beetroot puree,11370,SALAD AND OTHER RAW VEGETABLES
77,"Beansprouts, raw",1688,SALAD AND OTHER RAW VEGETABLES
78,Beef rissoles,8266,BURGERS AND KEBABS PURCHASED
79,Bertolli spread/margarine,10042,REDUCED FAT SPREAD (NOT POLYUNSATURATED)
80,"Beef rump steak, uncooked (including fat)",949,OTHER BEEF & VEAL INCLUDING HOMEMADE RECIPE DISHES
81,"Beetroot/bistro salad with spinach/lettuce/chard, with a cream-based/mayonnaise type dressing",10403,OTHER MANUFACTURED VEGETABLE PRODUCTS INCL RM
82,"Beetroot/bistro salad with spinach/lettuce/chard, with an oil-based/French type dressing",10403,OTHER MANUFACTURED VEGETABLE PRODUCTS INCL RM
83,Beef sandwich with wholemeal/oatmeal bread,11430,SANDWICHES
84,"Beef sausage, uncooked",1281,OTHER SAUSAGES INCLUDING HOMEMADE DISHES
85,"Beetroot/bistro salad with spinach/lettuce/chard, no dressing",11521,SALAD AND OTHER RAW VEGETABLES
86,"Beef sirloin steak, uncooked (including fat)",949,OTHER BEEF & VEAL INCLUDING HOMEMADE RECIPE DISHES
87,Belvita soft bakes (breakfast biscuits),11421,BISCUITS MANUFACTURED / RETAIL
88,Beef stew and dumplings,9810,OTHER BEEF & VEAL INCLUDING HOMEMADE RECIPE DISHES
89,Beef stir fry (meat and vegetables with sauce),5617,OTHER BEEF & VEAL INCLUDING HOMEMADE RECIPE DISHES
90,Beta carotene (6mg),10560,"SINGLE VITS OR MINS NOT Folic acid, Fe, Ca, Vit C"
91,"Bechamel (white) sauce, canned",3986,SAVOURY SAUCES PICKLES GRAVIES & CONDIMENTS
92,"Blackcurrant squash , high juice, no added sugar, diluted",11578,SOFT DRINKS LOW CALORIE CONCENTRATED
93,"Bassetts chewy Early Health vitamins with A (400ug), B6 (1.4mg), C (8mg), D (5ug) (age 3-6 )",10365,VITAMINS (TWO OR MORE INCL MULTIVITS) NO MINERALS
94,"Bitter gourd, cooked",3939,OTHER VEGETABLES INCLUDING HOMEMADE DISHES
95,Biotin (300ug),4336,"SINGLE VITS OR MINS NOT Folic acid, Fe, Ca, Vit C"
96,"Bisto sauce mix/granules (eg White sauce, cheese sauce)",10161,SAVOURY SAUCES PICKLES GRAVIES & CONDIMENTS
97,"Blackcurrants, canned",2620,OTHER FRUIT NOT CANNED
98,Blue cheese dressing,2501,SAVOURY SAUCES PICKLES GRAVIES & CONDIMENTS
99,"Black eyed beans, canned",8280,BEANS AND PULSES INCL READY MEAL & HOMEMADE DISHES
100,Black eyed beans,8281,BEANS AND PULSES INCL READY MEAL & HOMEMADE DISHES
101,"Blackcurrant juice drink, ready to drink, no added sugar",8474,SOFT DRINKS LOW CALORIE RTD STILL
102,Blackberry puree,10690,OTHER FRUIT NOT CANNED
103,Blackcurrant puree,10948,OTHER FRUIT NOT CANNED
104,Blueberry puree,10691,OTHER FRUIT NOT CANNED
105,"Black pudding, uncooked",1248,OTHER MEAT PRODUCTS MANUFACTURED INCL READY MEALS
106,BLT sandwich with wholemeal/oatmeal bread,11471,SANDWICHES
107,"Blackberries, stewed",1986,OTHER FRUIT NOT CANNED
108,"Babies multvitamins, drops",10913,VITAMINS (TWO OR MORE INCL MULTIVITS) NO MINERALS
109,Vegetarian bolognese sauce (e.g. made with Quorn mince),9180,BEANS AND PULSES INCL READY MEAL & HOMEMADE DISHES
110,Breadfruit,4005,OTHER FRUIT NOT CANNED
111,"Broad beans, canned",10803,BEANS AND PULSES INCL READY MEAL & HOMEMADE DISHES
112,"Broad beans, dried",1665,BEANS AND PULSES INCL READY MEAL & HOMEMADE DISHES
113,"Breaded chicken breast, uncooked",9287,MANUFACTURED COATED CHICKEN / TURKEY PRODUCTS
114,"Beef rib eye steak, grilled",952,OTHER BEEF & VEAL INCLUDING HOMEMADE RECIPE DISHES
115,"Bran Flakes, supermarket brands",7623,HIGH FIBRE BREAKFAST CEREALS
116,Brioche burger bun/hot dog bun,9129,BUNS CAKES & PASTRIES MANUFACTURED
117,Brioche rolls/loaf,9129,BUNS CAKES & PASTRIES MANUFACTURED
118,Breast milk,8854,OTHER MILK
119,"Breast of lamb, uncooked (including fat)",1010,OTHER LAMB INCLUDING HOMEMADE RECIPE DISHES
120,Broccoli puree,11341,LEAFY GREEN VEGETABLES NOT RAW
121,"Brown rice, fried",53,OTHER RICE INCLUDING HOMEMADE DISHES
122,Brown rice (uncooked),48,OTHER RICE INCLUDING HOMEMADE DISHES
123,Breakfast sandwich with wholemeal/oatmeal bread,11482,SANDWICHES
124,Braising steak with gravy (no vegetables),5131,MANUFACTURED BEEF PRODUCTS INCLUDING READY MEALS
125,Breakfast sub roll/baguette,11482,SANDWICHES
126,Brioche roll with chocolate chips,10273,BUNS CAKES & PASTRIES MANUFACTURED
127,"Blackcurrant squash / juice, with ADDED SUGAR, diluted",11581,SOFT DRINKS NOT LOW CALORIE CONCENTRATED
128,Buttermilk,601,OTHER MILK
129,Bubble and squeak,1699,OTHER VEGETABLES INCLUDING HOMEMADE DISHES
130,Butter beans,1670,BEANS AND PULSES INCL READY MEAL & HOMEMADE DISHES
131,Butter Icing,9216,SWEET SPREADS FILLINGS AND ICING
132,"Burger King Double Whopper, no cheese",5306,BURGERS AND KEBABS PURCHASED
133,Burger King Whopper with cheese,5305,BURGERS AND KEBABS PURCHASED
134,Burger King Bacon Double Cheeseburger,10066,BURGERS AND KEBABS PURCHASED
135,Burger King Double Whopper with cheese,5307,BURGERS AND KEBABS PURCHASED
136,"Burger King Whopper, no cheese",5304,BURGERS AND KEBABS PURCHASED
137,Butternut squash puree,11360,OTHER VEGETABLES INCLUDING HOMEMADE DISHES
138,Butternut squash soup,6736,SOUP HOMEMADE
139,"Butternut squash, cooked/roasted with oil",3954,OTHER VEGETABLES INCLUDING HOMEMADE DISHES
140,Bulgar wheat (uncooked),7178,OTHER CEREALS
141,"Calcium (400-600mg), including chewable tablets",9703,CALCIUM ONLY OR WITH VITAMIN D
142,"Calcium (400-600mg) with vitamin D (2.5ug), including chewable tablets",10120,CALCIUM ONLY OR WITH VITAMIN D
143,"Calcium (500mg) & vitamin D (10ug), effervescent tablet",10107,CALCIUM ONLY OR WITH VITAMIN D
144,Calcium (500mg) & vitamin D (10ug),10107,CALCIUM ONLY OR WITH VITAMIN D
145,Cadbury animal biscuits,254,BISCUITS MANUFACTURED / RETAIL
146,"Diet fizzy drinks, with fruit juice (e.g. Diet Lilt)",8445,SOFT DRINKS LOW CALORIE CARBONATED
147,"Carrots, canned",10797,CARROTS NOT RAW
148,Caerphilly Cheese,651,OTHER CHEESE
149,Candy coated chocolate drops (e.g. mini eggs),7961,CHOCOLATE CONFECTIONERY
150,Caffeine (e.g. Proplus),11218,OTHER NUTRIENT SUPPLEMENTS
151,"Calcium, high/super/ultra strength, with vitamin D",10107,CALCIUM ONLY OR WITH VITAMIN D
152,"Calf liver, uncooked",1179,LIVER AND DISHES
153,Calcium (250mg) & magnesium (157mg),10566,MINERALS (TWO OR MORE INCL MULTIVITS & MINERALS)
154,"Casserole mix, dry/packet",8654,SAVOURY SAUCES PICKLES GRAVIES & CONDIMENTS
155,Cauliflower & potato curry (e.g. aloo gobi),5593,OTHER VEGETABLES INCLUDING HOMEMADE DISHES
156,Carrot puree,11345,CARROTS NOT RAW
157,Cauliflower puree,11366,OTHER VEGETABLES INCLUDING HOMEMADE DISHES
158,"Cassava, raw",1716,SALAD AND OTHER RAW VEGETABLES
159,Caesar salad dressing,4024,SAVOURY SAUCES PICKLES GRAVIES & CONDIMENTS
160,"Carrot soup (e.g. carrot & coriander), canned",10731,SOUP MANUFACTURED/ RETAIL
161,"CBD, 10mg",10192,EVENING PRIMROSE OIL AND OTHER PLANT OILS
162,"CBD oil, drops",10192,EVENING PRIMROSE OIL AND OTHER PLANT OILS
163,"Celery, cooked",1726,OTHER VEGETABLES INCLUDING HOMEMADE DISHES
164,Celeriac puree,11368,OTHER VEGETABLES INCLUDING HOMEMADE DISHES
165,Celery puree,11347,OTHER VEGETABLES INCLUDING HOMEMADE DISHES
166,"Cheese feast, loaded cheese, 4 cheese pizza",10033,PIZZA
167,"Cheese feast, loaded cheese, 4 cheese pizza, stuffed crust",10033,PIZZA
168,"Cheese feast, loaded cheese, 4 cheese pizza, stuffed crust, takeaway/restaurant",10033,PIZZA
169,"Cheese feast, loaded cheese, 4 cheese pizza, takeaway/restaurant",10033,PIZZA
170,"Cheese and tomato pizza (e.g. Margherita), takeaway/restaurant",11510,PIZZA
171,Chicken and bacon sub roll/baguette,11444,SANDWICHES
172,Chicken and bacon wrap,11445,SANDWICHES
173,Cheese salad sub roll/baguette,11443,SANDWICHES
174,"Chicken and vegetable soup, shop-bought",11535,SOUP MANUFACTURED/ RETAIL
175,Chicken and ham sandwich with mayo with white/malted bread,11484,SANDWICHES
176,Chicken and ham sandwich with mayo with wholemeal/oatmeal bread,11475,SANDWICHES
177,Chicken and bacon sandwich with mayo with white/malted bread,11490,SANDWICHES
178,Chicken and bacon sandwich with mayo with wholemeal/oatmeal bread,11552,SANDWICHES
179,Chicken and bacon sandwich with wholemeal/oatmeal bread,11435,SANDWICHES
180,Cheese and ham sandwich with wholemeal/oatmeal bread,11431,SANDWICHES
181,Chicken salad sub roll/baguette,11446,SANDWICHES
182,"Cheese and tomato pizza (e.g. Margherita), stuffed crust, takeaway/restaurant",11516,PIZZA
183,Chicken and vegetable pie (topped with mashed potato),3416,MANUFACTURED CHICKEN PRODUCTS INCL READY MEALS
184,Chicken biryani,6991,OTHER CHICKEN / TURKEY INCL HOMEMADE RECIPE DISHES
185,Challah bread,9372,WHITE BREAD (NOT HIGH FIBRE; NOT MULTISEED BREAD)
186,"Chicken breast, fried in vegetable based oil",5265,OTHER CHICKEN / TURKEY INCL HOMEMADE RECIPE DISHES
187,"Chicken breast, fried in olive oil",5171,OTHER CHICKEN / TURKEY INCL HOMEMADE RECIPE DISHES
188,"Chicken breast, marinated, shop-bought",5269,MANUFACTURED CHICKEN PRODUCTS INCL READY MEALS
189,"Chicken burger, breaded/coated, fried (no bun)",1109,MANUFACTURED COATED CHICKEN / TURKEY PRODUCTS
190,"Chickpeas, canned",10789,BEANS AND PULSES INCL READY MEAL & HOMEMADE DISHES
191,Chocolate cake covering,9401,SWEET SPREADS FILLINGS AND ICING
192,"Cherries, canned in juice",1999,CANNED FRUIT IN SYRUP
193,Childrens' chewable Multivitamins (age 7-11) (e.g. Bassets),11148,VITAMINS (TWO OR MORE INCL MULTIVITS) NO MINERALS
194,"Chilli con carne, ready meal, with rice",9244,MANUFACTURED BEEF PRODUCTS INCLUDING READY MEALS
195,Chocolate covered ginger,2257,CHOCOLATE CONFECTIONERY
196,"Chips, crinkle cut",1849,OTHER FRIED / ROAST POTATOES INCL HOMEMADE DISHES
197,Chicken curry takeaway,5290,OTHER CHICKEN / TURKEY INCL HOMEMADE RECIPE DISHES
198,Chickpea curry (e.g. chana masala),5588,OTHER VEGETABLES INCLUDING HOMEMADE DISHES
199,Chicken curry made with ready made sauce,4131,OTHER CHICKEN / TURKEY INCL HOMEMADE RECIPE DISHES
200,"Chicken curry, ready meal, with rice (e.g balti, tikka masala)",9386,MANUFACTURED CHICKEN PRODUCTS INCL READY MEALS
201,"Chickpeas, dried",1814,BEANS AND PULSES INCL READY MEAL & HOMEMADE DISHES
202,Cheese salad sandwich with white/malted bread,11563,SANDWICHES
203,"Cheese sauce mix, packet",8947,SAVOURY SAUCES PICKLES GRAVIES & CONDIMENTS
204,Cheese on toast with white/malted bread,11539,SANDWICHES
205,Cheese on toast with wholemeal/oatmeal bread,11540,SANDWICHES
206,Cheese salad sandwich with wholemeal/oatmeal bread,11564,SANDWICHES
207,Chinese fish balls,1595,OTHER WHITE FISH INCLUDING HOMEMADE DISHES
208,"Childrens' fish oil (200mg) with vitamins A (400ug), C (30mg), D (2.5ug) and E (1.5mg)",10199,MULTIVITAMIN AND/OR MINERALS WITH OMEGA 3
209,"Chicken finger, uncooked",5263,MANUFACTURED COATED CHICKEN / TURKEY PRODUCTS
210,"Cheesecake, flavoured, not with fruit, (e.g. chocolate/toffee)",8626,OTHER CEREAL BASED PUDDINGS - MANUFACTURED
211,"Chips, fried in olive oil",8750,OTHER FRIED / ROAST POTATOES INCL HOMEMADE DISHES
212,"Chips, french fries/fine cut, fried (from frozen)",1872,CHIPS PURCHASED INCLUDING TAKEAWAY
213,"Chips, fried in animal fat (e.g. lard, dripping)",1851,OTHER FRIED / ROAST POTATOES INCL HOMEMADE DISHES
214,Chicken fried rice,6993,OTHER RICE INCLUDING HOMEMADE DISHES
215,Chocolate hoops cereal,10274,OTHER BREAKFAST CEREALS (NOT HIGH FIBRE)
216,Choc ice,730,ICE CREAM
217,"Chicken breast, marinated, homemade",11556,OTHER CHICKEN / TURKEY INCL HOMEMADE RECIPE DISHES
218,Chicken sandwich with white/malted bread,11546,SANDWICHES
219,"Chicken/turkey bolognese sauce, homemade",6764,OTHER BEEF & VEAL INCLUDING HOMEMADE RECIPE DISHES
220,Chicken sandwich with wholemeal/oatmeal bread,11545,SANDWICHES
221,Chicken in a black bean sauce,7217,OTHER CHICKEN / TURKEY INCL HOMEMADE RECIPE DISHES
222,"Chicken and vegetable pie, slice from a large pie",1119,HOMEMADE MEAT PIES AND PASTRIES
223,Chicken salad,11548,MANUFACTURED CHICKEN PRODUCTS INCL READY MEALS
224,"Chicken and vegetable soup, homemade",5668,SOUP HOMEMADE
225,Cheese & jalapeno bread/roll,6976,WHITE BREAD (NOT HIGH FIBRE; NOT MULTISEED BREAD)
226,"Chicken kiev, reduced fat",3680,MANUFACTURED COATED CHICKEN / TURKEY PRODUCTS
227,"Chicken korma, curry, ready meal, with rice",7094,MANUFACTURED CHICKEN PRODUCTS INCL READY MEALS
228,"Chinese leaves (cabbage), raw",1729,SALAD AND OTHER RAW VEGETABLES
229,Roast/grilled chicken leg (skin not eaten),1374,OTHER CHICKEN / TURKEY INCL HOMEMADE RECIPE DISHES
230,"Chicken mayonnaise sandwich fillers, low fat",8098,MANUFACTURED CHICKEN PRODUCTS INCL READY MEALS
231,Chinese meat bun,1326,OTHER MEAT PRODUCTS MANUFACTURED INCL READY MEALS
232,"Childrens' multivitamins, drops",10212,VITAMINS (TWO OR MORE INCL MULTIVITS) NO MINERALS
233,Childrens' multivitamin and minerals,11585,VITAMINS AND MINERALS (INCL MULTIVITS & MINERALS)
234,"Chinese mushrooms, dried",1779,OTHER VEGETABLES INCLUDING HOMEMADE DISHES
235,"Chicken noodle soup, dry/packet mix",2466,SOUP MANUFACTURED/ RETAIL
236,"Hot cross bun, chocolate",8123,BUNS CAKES & PASTRIES MANUFACTURED
237,"Chicken pizza, stuffed crust",10030,PIZZA
238,"Choux pastry, uncooked",394,BUNS CAKES & PASTRIES MANUFACTURED
239,"Chilli peppers, raw",1825,SALAD AND OTHER RAW VEGETABLES
240,Chromium picolinate (200ug),11384,OTHER NUTRIENT SUPPLEMENTS
241,"Chicken pie, canned (with or without vegetables)",4041,MANUFACTURED MEAT PIES AND PASTRIES
242,"Chicken pizza, stuffed crust, takeaway/restaurant",11513,PIZZA
243,"Chicken pizza, takeaway/restaurant",11509,PIZZA
244,"Chicken portion, coated in batter, deep fried, with bone (e.g. KFC)",1087,MANUFACTURED COATED CHICKEN / TURKEY PRODUCTS
245,"Chicken portion, fried",5266,OTHER CHICKEN / TURKEY INCL HOMEMADE RECIPE DISHES
246,Cherry puree,10957,OTHER FRUIT NOT CANNED
247,Chickpea puree,30036,BEANS AND PULSES INCL READY MEAL & HOMEMADE DISHES
248,"Roast chicken/turkey dinner, ready meal",1116,MANUFACTURED CHICKEN PRODUCTS INCL READY MEALS
249,Cheese sandwich with mayo with white/malted bread,11483,SANDWICHES
250,Cheese sandwich with mayo with wholemeal/oatmeal bread,11433,SANDWICHES
251,Chicken salad sandwich with mayo with white/malted bread,11520,SANDWICHES
252,Chicken salad sandwich with mayo with wholemeal/oatmeal bread,11438,SANDWICHES
253,"Cheese sauce mix, dry/packet",8947,SAVOURY SAUCES PICKLES GRAVIES & CONDIMENTS
254,Chicken salad sandwich with wholemeal/oatmeal bread,11439,SANDWICHES
255,Cheese sandwich with wholemeal/oatmeal bread,11432,SANDWICHES
256,"Chocolate sponge pudding, including melt in the middle",10581,SPONGE PUDDINGS - MANUFACTURED
257,"Cherries, stewed",1995,OTHER FRUIT NOT CANNED
258,"Chips, straight/thick cut, fried (from frozen)",1872,CHIPS PURCHASED INCLUDING TAKEAWAY
259,Chicken stir fry with nut (e.g. cashew/peanuts),3902,OTHER CHICKEN / TURKEY INCL HOMEMADE RECIPE DISHES
260,"Chocolate swiss roll, with filling",8562,BUNS CAKES & PASTRIES MANUFACTURED
261,Roast/grilled chicken thigh (skin not eaten),1069,OTHER CHICKEN / TURKEY INCL HOMEMADE RECIPE DISHES
262,Roast/grilled chicken thigh (skin eaten),1374,OTHER CHICKEN / TURKEY INCL HOMEMADE RECIPE DISHES
263,"Chicken tikka, grilled",1122,OTHER CHICKEN / TURKEY INCL HOMEMADE RECIPE DISHES
264,Chocolate trifle,574,OTHER CEREAL BASED PUDDINGS - MANUFACTURED
265,Childrens' vitamin C (120mg) plus zinc (3mg),10478,VITAMINS AND MINERALS (INCL MULTIVITS & MINERALS)
266,"Chapati / roti, white, without oil, homemade",146,WHITE BREAD (NOT HIGH FIBRE; NOT MULTISEED BREAD)
267,"Chapati / roti, wholemeal (brown), without oil, homemade",143,BROWN GRANARY AND WHEATGERM BREAD
268,Chicken with a tomato based sauce,9634,OTHER CHICKEN / TURKEY INCL HOMEMADE RECIPE DISHES
269,Chicken with a ready made sauce (e.g. Homepride cooking sauce),5354,OTHER CHICKEN / TURKEY INCL HOMEMADE RECIPE DISHES
270,Chicken with a tomato and cheese sauce,5100,OTHER CHICKEN / TURKEY INCL HOMEMADE RECIPE DISHES
271,"Chicken in a white wine/cream sauce, homemade",11559,OTHER CHICKEN / TURKEY INCL HOMEMADE RECIPE DISHES
272,"Children's yoghurt drink (e.g. Munch Bunch Squashums, Petits Filous yoghurt drinks)",10233,YOGURT
273,Cream liquer (e.g. Bailey's),2397,LIQUEURS
274,"Clams, boiled",1596,MANUFACTURED SHELLFISH PRODUCTS INCL READY MEALS
275,Clover Light spread/margarine,11074,REDUCED FAT SPREAD (NOT POLYUNSATURATED)
276,Clover spread/margarine,11073,REDUCED FAT SPREAD (NOT POLYUNSATURATED)
277,Haliborange Childrens' chewable Multivitamins (age 3 plus),10701,VITAMINS (TWO OR MORE INCL MULTIVITS) NO MINERALS
278,"Coriander, ground/seeds",10154,SAVOURY SAUCES PICKLES GRAVIES & CONDIMENTS
279,Cornmeal,9,OTHER CEREALS
280,Coated and flavoured peanuts (e.g. Nobby's Nuts),8033,CRISPS AND SAVOURY SNACKS
281,"Toddler/growing up milk (1-2 years) e.g. Aptamil 3, Cow & Gate 3",10243,INFANT FORMULA
282,"Cooking apple, raw",1953,APPLES AND PEARS NOT CANNED
283,Corned beef hash,1327,OTHER MEAT INCLUDING HOMEMADE RECIPE DISHES
284,Corned beef pasty/pie,8846,MANUFACTURED MEAT PIES AND PASTRIES
285,Continental bread (not ciabatta/focaccia/panini),9372,WHITE BREAD (NOT HIGH FIBRE; NOT MULTISEED BREAD)
286,Cocoa Butter,20040,CHOCOLATE CONFECTIONERY
287,Corn cakes/thins,3973,BISCUITS MANUFACTURED / RETAIL
288,"Breaded/coated chicken breast fillet, grilled",9287,MANUFACTURED COATED CHICKEN / TURKEY PRODUCTS
289,"Cook-in-sauce, chilli with pulses (e.g. Uncle Bens)",10538,SAVOURY SAUCES PICKLES GRAVIES & CONDIMENTS
290,"Cous cous, plain (uncooked)",10025,OTHER CEREALS
291,"Coffee creamer, liquid (e.g. liquid coffee compliment, Cafe Maid)",6983,OTHER MILK
292,Confectioners custard,7699,CEREAL BASED MILK PUDDINGS - HOMEMADE
293,Cooked egg (baked/boiled),2611,OTHER EGGS AND EGG DISHES INCLUDING HOMEMADE
294,"Cod/haddock fillet, fried",1405,WHITE FISH COATED OR FRIED
295,"Cod fillet, uncooked",1401,OTHER WHITE FISH INCLUDING HOMEMADE DISHES
296,Cod in white/parsley sauce,9253,MANUFACTURED WHITE FISH PRODUCTS INCL READY MEALS
297,Cod liver oil (500mg) and evening primrose (500mg),10224,"COD LIVER OIL AND OTHER FISH OILS (INCL VIT A,D,E)"
298,"Cod liver oil and fish oil (500mg) with vitamins A (400ug), D (5ug), C (12mg)",10899,MULTIVITAMIN AND/OR MINERALS WITH OMEGA 3
299,"Cod liver oil, high strength (1000mg) with vitamins A (400ug) and D (5ug)",10175,"COD LIVER OIL AND OTHER FISH OILS (INCL VIT A,D,E)"
300,"Cod liver oil, high strength (1000mg), with vitamins A (800ug) and D (5ug)",11052,"COD LIVER OIL AND OTHER FISH OILS (INCL VIT A,D,E)"
301,"Cod liver oil (500-600mg), with vitamins A (800ug) and D (5-10ug)",10252,"COD LIVER OIL AND OTHER FISH OILS (INCL VIT A,D,E)"
302,"Cod liver oil (500mg), with vitamin A (400ug) and D (5ug)",10761,"COD LIVER OIL AND OTHER FISH OILS (INCL VIT A,D,E)"
303,Cocoa Mass,20039,CHOCOLATE CONFECTIONERY
304,"Condensed milk, skimmed",618,OTHER MILK
305,"Cottage pie (beef), ready meal",1356,MANUFACTURED BEEF PRODUCTS INCLUDING READY MEALS
306,Cornmeal porridge,3073,OTHER CEREALS
307,Courgette (zucchini) puree,30040,OTHER VEGETABLES INCLUDING HOMEMADE DISHES
308,Coenzyme Q10,9341,OTHER NUTRIENT SUPPLEMENTS
309,Corned beef sandwich with white/malted bread,11565,SANDWICHES
310,Corned beef sandwich with wholemeal/oatmeal bread,11566,SANDWICHES
311,Coconut rice,11492,RICE MANUFACTURED PRODUCTS & READY MEALS
312,"Cod Roe, in batter, fried",1626,WHITE FISH COATED OR FRIED
313,"Coley, uncooked",1401,OTHER WHITE FISH INCLUDING HOMEMADE DISHES
314,"Cook-in-sauce, white sauce based (e.g. Chicken Tonight Creamy Mushroom)",3985,SAVOURY SAUCES PICKLES GRAVIES & CONDIMENTS
315,"Courgette (zucchini), fried",1737,OTHER VEGETABLES INCLUDING HOMEMADE DISHES
316,Cranberry and raspberry juice drink (e.g Ocean Spray),3895,SOFT DRINKS LOW CALORIE RTD STILL
317,Cream bun with jam,5843,BUNS CAKES & PASTRIES MANUFACTURED
318,Crème caramel,7695,FROMAGE FRAIS AND DAIRY DESSERTS MANUFACTURED
319,"Cream of chicken soup (condensed), canned, not made up",2463,SOUP MANUFACTURED/ RETAIL
320,"Cream of mushroom soup (condensed), canned, not made up",10242,SOUP MANUFACTURED/ RETAIL
321,"Crispy pancakes, cheese (e.g. Findus)",3205,OTHER CEREALS
322,Cranberry puree,10925,OTHER FRUIT NOT CANNED
323,"Cracker, reduced fat",8330,BISCUITS MANUFACTURED / RETAIL
324,"Cream, reduced fat",636,CREAM (INCLUDING IMITATION CREAM)
325,"Crumble topping, uncooked",9573,OTHER CEREAL BASED PUDDINGS - MANUFACTURED
326,Coco Shreddies (e.g. Nestle),8383,HIGH FIBRE BREAKFAST CEREALS
327,Chicken stir fry (meat and vegetables with sauce),6895,OTHER CHICKEN / TURKEY INCL HOMEMADE RECIPE DISHES
328,Chicken mayo sandwich with wholemeal/oatmeal bread,11437,SANDWICHES
329,Chicken mayo sandwich with white/malted bread,11436,SANDWICHES
330,Custard powder,11,OTHER CEREALS
331,Cucumber puree,11396,SALAD AND OTHER RAW VEGETABLES
332,"Curry sauce (Chip shop style, Heinz, Bisto etc)",3930,SAVOURY SAUCES PICKLES GRAVIES & CONDIMENTS
333,"Curry sauce, canned",3979,SAVOURY SAUCES PICKLES GRAVIES & CONDIMENTS
334,"Curry sauce, Korma/Tikka Masala",3981,SAVOURY SAUCES PICKLES GRAVIES & CONDIMENTS
335,Childrens' chewable multivitamins,11586,VITAMINS (TWO OR MORE INCL MULTIVITS) NO MINERALS
336,Chicken and vegetables with a tomato based sauce,11583,OTHER CHICKEN / TURKEY INCL HOMEMADE RECIPE DISHES
337,"Dark chocolate, high cocoa 70/85% (e.g. Green & Blacks)",11402,CHOCOLATE CONFECTIONERY
338,"Dates, fresh (not dried)",8502,OTHER FRUIT NOT CANNED
339,"Dairylea Lunchables (includes cheese, meat and crackers)",11350,OTHER CHEESE
340,"Dairy squirty/spray cream, light/reduced fat (e.g. anchor)",6986,CREAM (INCLUDING IMITATION CREAM)
341,Dough balls,8574,PIZZA
342,"Decaf coffee, instant",8313,COFFEE (MADE-UP WEIGHT)
343,"Bacon, type and cooking method unknown",914,OTHER BACON AND HAM INCLUDING HOMEMADE DISHES
344,Dextrins (maltodextrin),20032,SUGAR
345,"Fat spread/margarine, brand/type unknown",10040,REDUCED FAT SPREAD (NOT POLYUNSATURATED)
346,Double cream extra thick,6984,CREAM (INCLUDING IMITATION CREAM)
347,Cream doughnut,325,BUNS CAKES & PASTRIES MANUFACTURED
348,"Doner kebab (meat, pitta and salad)",1342,BURGERS AND KEBABS PURCHASED
349,"Double strength squash, no added sugar, not diluted",10231,SOFT DRINKS LOW CALORIE CONCENTRATED
350,Dried blueberries / bilberries,8788,OTHER FRUIT NOT CANNED
351,"Drinking chocolate powder, not instant",2309,BEVERAGES DRY WEIGHT
352,"Drinking chocolate powder, instant",2632,BEVERAGES DRY WEIGHT
353,"Dried fruit salad, stewed",2033,OTHER FRUIT NOT CANNED
354,Dried fruit salad,2032,OTHER FRUIT NOT CANNED
355,"Soft spread/margarine, value, basics, saver range",7775,REDUCED FAT SPREAD (NOT POLYUNSATURATED)
356,"Dried goji berries/wolfberries, pureed",11378,OTHER FRUIT NOT CANNED
357,Dried peaches,2103,OTHER FRUIT NOT CANNED
358,Dried red fruits (e.g. redcurrants),8077,OTHER FRUIT NOT CANNED
359,Dried skimmed milk powder,8149,OTHER MILK
360,"Dream topping, made up with milk",7720,CREAM (INCLUDING IMITATION CREAM)
361,Dream topping powder (not made up),631,CREAM (INCLUDING IMITATION CREAM)
362,Dried whole egg,752,OTHER EGGS AND EGG DISHES INCLUDING HOMEMADE
363,"Duck in plum sauce, ready meal, with rice",2736,OTHER MEAT PRODUCTS MANUFACTURED INCL READY MEALS
364,Roast duck (skin eaten),1131,OTHER MEAT INCLUDING HOMEMADE RECIPE DISHES
365,"Duck, uncooked",1064,OTHER CHICKEN / TURKEY INCL HOMEMADE RECIPE DISHES
366,Duck with hoisin sauce wrap,11476,SANDWICHES
367,"Eel, uncooked",1483,OTHER OILY FISH INCLUDING HOMEMADE DISHES
368,Egg curry,9086,OTHER EGGS AND EGG DISHES INCLUDING HOMEMADE
369,"Egg, fried in olive oil",8732,OTHER EGGS AND EGG DISHES INCLUDING HOMEMADE
370,"Egg, fried in butter",757,OTHER EGGS AND EGG DISHES INCLUDING HOMEMADE
371,"Egg, fried without fat",7763,OTHER EGGS AND EGG DISHES INCLUDING HOMEMADE
372,Egg mayo sandwich with wholemeal/oatmeal bread,11428,SANDWICHES
373,"Egg noodles, dried (uncooked)",33,OTHER PASTA INCLUDING HOMEMADE DISHES
374,"Egg pasta, white, fresh (uncoooked)",33,OTHER PASTA INCLUDING HOMEMADE DISHES
375,"Egg pasta, white, dried (uncooked)",33,OTHER PASTA INCLUDING HOMEMADE DISHES
376,"Elderflower cordial, with ADDED SUGAR, not diluted",6826,SOFT DRINKS NOT LOW CALORIE CONCENTRATED
377,"Energy drink, not containing caffeine",10166,SOFT DRINKS NOT LOW CALORIE CARBONATED
378,Endive,1742,SALAD AND OTHER RAW VEGETABLES
379,"Evaporated milk, light",4713,OTHER MILK
380,"Evening primrose oil, high strength (1000mg)",10221,EVENING PRIMROSE OIL AND OTHER PLANT OILS
381,Evening primrose oil (500mg),10192,EVENING PRIMROSE OIL AND OTHER PLANT OILS
382,Faggots in gravy (e.g. Mr Brains),1250,OTHER MEAT PRODUCTS MANUFACTURED INCL READY MEALS
383,Fat-burning supplements (e.g. Thermobol),11200,NON-NUTRIENT SUPPLEMENTS (INCL HERBAL)
384,Flora pro activ buttery spread,11528,REDUCED FAT SPREAD (POLYUNSATURATED)
385,Iron liquid (7mg) with multivitamins and minerals e.g. Feroglobin,10189,VITAMINS AND MINERALS (INCL MULTIVITS & MINERALS)
386,"Fennel, raw",8477,SALAD AND OTHER RAW VEGETABLES
387,Ferrero Rocher,7955,CHOCOLATE CONFECTIONERY
388,"Fruit squash, high juice, no added sugar, diluted",11578,SOFT DRINKS LOW CALORIE CONCENTRATED
389,Fish oil (1100mg) with Omega 3 (700mg),10585,"COD LIVER OIL AND OTHER FISH OILS (INCL VIT A,D,E)"
390,"Fish oil (500mg), with evening primrose (100mg) and vitamin E (1.8mg)",10137,"COD LIVER OIL AND OTHER FISH OILS (INCL VIT A,D,E)"
391,"Fish oil (Omega 3, 100mg), with vitamins A (400ug), C (80mg), D (5ug), E (12mg), B5 (6mg), B6 (1.4mg)",10474,MULTIVITAMIN AND/OR MINERALS WITH OMEGA 3
392,"Filled pasta, cheese and vegetables (e.g spinach and ricotta tortelloni)",8093,PASTA MANUFACTURED PRODUCTS & READY MEALS
393,"Filled pasta, mushroom (e.g. ravioli)",8093,PASTA MANUFACTURED PRODUCTS & READY MEALS
394,"Filo pastry, uncooked",10520,BUNS CAKES & PASTRIES MANUFACTURED
395,"Fish pizza (e.g. with tuna, anchovies)",10031,PIZZA
396,"Fishermans pie/ocean pie, ready meal",9270,MANUFACTURED WHITE FISH PRODUCTS INCL READY MEALS
397,"Finecut salad (e.g. including lettuce, pepper, carrot, sweetcorn, cabbage type) with an oil-based/French type dressing",11470,SALAD AND OTHER RAW VEGETABLES
398,"Finecut salad (e.g. including lettuce, pepper, carrot, sweetcorn, cabbage), no dressing",11468,SALAD AND OTHER RAW VEGETABLES
399,"Finecut salad (e.g. including lettuce, pepper, carrot, sweetcorn, cabbage type) with a cream-based/mayonnaise type dressing",11469,SALAD AND OTHER RAW VEGETABLES
400,Fish sandwich paste (e.g. salmon),1603,MANUFACTURED OILY FISH PRODUCTS INCL READY MEALS
401,"Figs, stewed",2025,OTHER FRUIT NOT CANNED
402,"Flatbread / flat bread, flavoured (e.g. garlic)",6838,WHITE BREAD (NOT HIGH FIBRE; NOT MULTISEED BREAD)
403,Flora Buttery spread/margarine,7027,REDUCED FAT SPREAD (POLYUNSATURATED)
404,Flora Cuisine,10820,POLYUNSATURATED OILS
405,"Flan, fruit; sponge base with fruit",583,SPONGE PUDDINGS - HOMEMADE
406,Flora Light spread/margarine,11238,POLYUNSATURATED LOW FAT SPREAD
407,Flaxseed oil (1000mg),10235,EVENING PRIMROSE OIL AND OTHER PLANT OILS
408,Flora Original spread/margarine,11201,REDUCED FAT SPREAD (POLYUNSATURATED)
409,Folic acid (400ug),6848,FOLIC ACID
410,"Folic acid, 5mg (5000ug)",9502,FOLIC ACID
411,"Fruit smoothie with added vitamins (e.g. Naked, super smoothie, protect/energise type)",11605,SMOOTHIES 100% FRUIT AND/OR JUICE
412,Flora Pro-Activ Light Spread,11238,POLYUNSATURATED LOW FAT SPREAD
413,"Fruit and barley squash, no added sugar, not diluted",10035,SOFT DRINKS LOW CALORIE CONCENTRATED
414,"Fruit and vegetable juice, fortified with vitamins (e.g. Lidl Vitafit)",11259,SOFT DRINKS NOT LOW CALORIE RTD STILL
415,"Fried bread, wholemeal (brown)",135,WHOLEMEAL BREAD
416,"Fried bread, white",123,WHITE BREAD (NOT HIGH FIBRE; NOT MULTISEED BREAD)
417,Fried cabbage,7016,OTHER VEGETABLES INCLUDING HOMEMADE DISHES
418,"Fruit cake, rich, without icing",8105,BUNS CAKES & PASTRIES MANUFACTURED
419,"Fruit cake, rich, with icing (with or without marzipan) e.g. Christmas cake",8568,BUNS CAKES & PASTRIES MANUFACTURED
420,Fried egg & crumb,2610,OTHER EGGS AND EGG DISHES INCLUDING HOMEMADE
421,"Frosted Flakes cereal, supermarket brands",7626,OTHER BREAKFAST CEREALS (NOT HIGH FIBRE)
422,"Fresh fruit salad, with sugar/syrup",2035,OTHER FRUIT NOT CANNED
423,"Fruit in jelly, ready-to-eat (e.g. Dole, Hartleys)",8208,OTHER FRUIT NOT CANNED
424,"Fruit juice drink, fortified with vitamins (e.g. Sunny D)",10492,SOFT DRINKS NOT LOW CALORIE RTD STILL
425,"Fruit juice, fortified with multivitamins (e.g. Tropicana Essentials), 100% juice",8082,FRUIT JUICE
426,"Fruit pie filling, blackcurrant",2620,OTHER FRUIT NOT CANNED
427,"Pure fruit puree, (4mth+), ready to eat pot or pouch",10168,OTHER FRUIT NOT CANNED
428,"French stick/baguette, granary",7616,BROWN GRANARY AND WHEATGERM BREAD
429,Fruit sugar (fructose),9474,SUGAR
430,"Fruit yoghurt, virtually fat free, with artificial sweetener (e.g. Muller Light)",2701,YOGURT
431,"Fruit squash / juice, with ADDED SUGAR, diluted",11581,SOFT DRINKS NOT LOW CALORIE CONCENTRATED
432,"Fruit squash, high juice, with ADDED SUGAR, diluted",11576,SOFT DRINKS NOT LOW CALORIE CONCENTRATED
433,"Fruit squash / juice, no added sugar, diluted",11577,SOFT DRINKS LOW CALORIE CONCENTRATED
434,Flat white coffee,10577,COFFEE (MADE-UP WEIGHT)
435,"Flat white coffee, made with skimmed milk (skinny flat white)",8048,COFFEE (MADE-UP WEIGHT)
436,Gazpacho,2862,SOUP HOMEMADE
437,"Garlic bread, with cheese",7615,WHITE BREAD (NOT HIGH FIBRE; NOT MULTISEED BREAD)
438,Gari / cassava flour,10024,OTHER CEREALS
439,Garlic butter,851,BUTTER
440,Gelatin,2509,SAVOURY SAUCES PICKLES GRAVIES & CONDIMENTS
441,"Gammon steak, fried (including fat)",914,OTHER BACON AND HAM INCLUDING HOMEMADE DISHES
442,Glucosamine and chondroitin,10109,OTHER NUTRIENT SUPPLEMENTS
443,Glazed baked gammon,903,OTHER BACON AND HAM INCLUDING HOMEMADE DISHES
444,"Gluten free bread, wholemeal (brown)",10459,OTHER BREAD
445,"Glucosamine, chondroitin, and MSM",10138,OTHER NUTRIENT SUPPLEMENTS
446,"Glucosamine, chondroitin, MSM, and vitamin C (60mg)",10412,OTHER NUTRIENT SUPPLEMENTS
447,Glaze (e.g. for sponge flan),9009,SWEET SPREADS FILLINGS AND ICING
448,Gluten free flour,8869,OTHER CEREALS
449,Glucose liquid,2202,SUGAR
450,"Gluten free sandwich thins, white",8394,OTHER BREAD
451,Glucosamine,2833,OTHER NUTRIENT SUPPLEMENTS
452,Grapenuts cereal,210,HIGH FIBRE BREAKFAST CEREALS
453,Roast goose,1133,OTHER MEAT INCLUDING HOMEMADE RECIPE DISHES
454,"Gooseberries, stewed",2039,OTHER FRUIT NOT CANNED
455,"Goats milk, whole",10397,OTHER MILK
456,"Goats milk, skimmed",10397,OTHER MILK
457,Green banana,8479,OTHER VEGETABLES INCLUDING HOMEMADE DISHES
458,"Green banana, fried",9468,OTHER VEGETABLES INCLUDING HOMEMADE DISHES
459,"Green beans/French beans, fried",9752,GREEN BEANS NOT RAW
460,"Green beans/French beans, canned",10801,GREEN BEANS NOT RAW
461,Gravy granules,9656,SAVOURY SAUCES PICKLES GRAVIES & CONDIMENTS
462,Grape puree,10947,OTHER FRUIT NOT CANNED
463,Grapefruit puree,11408,CITRUS FRUIT NOT CANNED
464,"Greek- style yoghurt, low fat",3732,YOGURT
465,Green tea extract,10247,NON-NUTRIENT SUPPLEMENTS (INCL HERBAL)
466,"Greek-style yoghurt, virtually fat free (e.g. Muller light)",11026,YOGURT
467,"Greek-style yoghurt, whole milk, fruit",9142,YOGURT
468,"Gammon steak, smoked, grilled (fat removed)",8240,OTHER BACON AND HAM INCLUDING HOMEMADE DISHES
469,"Gammon steak, smoked, grilled (including fat)",8238,OTHER BACON AND HAM INCLUDING HOMEMADE DISHES
470,"Gammon steak, unsmoked, grilled (fat removed)",907,OTHER BACON AND HAM INCLUDING HOMEMADE DISHES
471,"Gammon steak, unsmoked, grilled (including fat)",914,OTHER BACON AND HAM INCLUDING HOMEMADE DISHES
472,Haslet,1255,OTHER MEAT PRODUCTS MANUFACTURED INCL READY MEALS
473,Ham and cheese sub roll/baguette,11447,SANDWICHES
474,Ham and cheese slice/pie (with or without vegetable),5426,MANUFACTURED MEAT PIES AND PASTRIES
475,Ham and egg sub roll/baguette,11571,SANDWICHES
476,Ham salad sub roll/baguette,11477,SANDWICHES
477,Haricot beans,1673,BEANS AND PULSES INCL READY MEAL & HOMEMADE DISHES
478,Haricot beans puree,11372,BEANS AND PULSES INCL READY MEAL & HOMEMADE DISHES
479,"Haddock fillet, uncooked (including smoked)",8000,OTHER WHITE FISH INCLUDING HOMEMADE DISHES
480,"Haddock in breadcrumb/batter, fried",7815,WHITE FISH COATED OR FRIED
481,"Ham, low fat",8697,OTHER BACON AND HAM INCLUDING HOMEMADE DISHES
482,"Hard spread/margarine (e.g. Stork, Willow)",860,BLOCK MARGARINE
483,Ham sandwich with mayo with white/malted bread,11440,SANDWICHES
484,Ham sandwich with mayo with wholemeal/oatmeal bread,11485,SANDWICHES
485,Ham sandwich with wholemeal/oatmeal bread,11434,SANDWICHES
486,"Ham, smoked",9509,OTHER BACON AND HAM INCLUDING HOMEMADE DISHES
487,"Halibut, uncooked",1401,OTHER WHITE FISH INCLUDING HOMEMADE DISHES
488,"Heart (e.g. lamb, ox)",1173,OTHER MEAT INCLUDING HOMEMADE RECIPE DISHES
489,"Herring, in a tomato sauce, canned",1497,MANUFACTURED OILY FISH PRODUCTS INCL READY MEALS
490,"Herring, in oil, canned",1498,MANUFACTURED OILY FISH PRODUCTS INCL READY MEALS
491,Hemp milk/drink (e.g. Good Hemp),11241,OTHER MILK
492,"Herring, pickled",1499,MANUFACTURED OILY FISH PRODUCTS INCL READY MEALS
493,"Herring, uncooked",1506,OTHER OILY FISH INCLUDING HOMEMADE DISHES
494,"Heart, uncooked (e.g. lamb, ox)",1223,OTHER MEAT INCLUDING HOMEMADE RECIPE DISHES
495,"Honey hoops cereal (cheerios), supermarket brands",11595,HIGH FIBRE BREAKFAST CEREALS
496,"High juice fruit squash, no added sugar, not diluted",10037,SOFT DRINKS LOW CALORIE CONCENTRATED
497,"High protein natural yoghurt, low fat",11249,YOGURT
498,"Orange squash, high juice, no added sugar, diluted",11578,SOFT DRINKS LOW CALORIE CONCENTRATED
499,Ham and egg salad,11547,READY MEALS / MEAL CENTRES BASED ON BACON AND HAM
500,Ham salad sandwich with white/malted bread,11567,SANDWICHES
501,Ham salad sandwich with wholemeal/oatmeal bread,11568,SANDWICHES
502,Honey Nut Shredded Wheat (e.g. Nestle),6824,HIGH FIBRE BREAKFAST CEREALS
503,Hovis Best of Both (50/50 bread),10774,BROWN GRANARY AND WHEATGERM BREAD
504,"Hot chocolate, made with milk, topped with cream",10725,OTHER MILK
505,Hot dog/frankfurter with sauce and onions in a bun,1330,BURGERS AND KEBABS PURCHASED
506,"Horlicks/Ovaltine, made with alternative milks (e.g. soya milk)",10724,OTHER MILK
507,Hot sweet pepper (e.g. Peppadew),9496,OTHER VEGETABLES INCLUDING HOMEMADE DISHES
508,Hot dog/frankfurter with sauce in a bun,11562,OTHER SAUSAGES INCLUDING HOMEMADE DISHES
509,"Hash browns, McDonalds",1882,OTHER MANUFACTURED POTATO PRODUCTS FRIED/BAKED
510,Ham salad sandwich with mayo with white/malted bread,11572,SANDWICHES
511,Ham salad sandwich with mayo with wholemeal/oatmeal bread,11573,SANDWICHES
512,Hummus and falafel wrap,11486,SANDWICHES
513,Icing,8007,SWEET SPREADS FILLINGS AND ICING
514,"Infant and toddler fruit juice and water drink, ready to drink, with added vit C",7893,COMMERCIAL TODDLERS DRINKS
515,"Instant cappuccino coffee powder, with sugar",6840,BEVERAGES DRY WEIGHT
516,"Instant cappuccino powder, no sugar",2844,BEVERAGES DRY WEIGHT
517,"Coffee, instant",2306,COFFEE (MADE-UP WEIGHT)
518,"Instant coffee powder/granules, decaffeinated",8314,BEVERAGES DRY WEIGHT
519,Instant coffee powder/granules,2308,BEVERAGES DRY WEIGHT
520,Instant custard mix (made up),548,CEREAL BASED MILK PUDDINGS - MANUFACTURED
521,Instant dessert powder,550,CEREAL BASED MILK PUDDINGS - MANUFACTURED
522,Instant latte coffee powder,8046,BEVERAGES DRY WEIGHT
523,Instant mocha coffee powder,8045,BEVERAGES DRY WEIGHT
524,"Instant porridge pot, syrup/fruit flavour (e.g. Oat So Simple apple and blueberry), made up with water",5331,HIGH FIBRE BREAKFAST CEREALS
525,"Instant potato (e.g. Smash), made up with water",1897,OTHER POTATO PRODUCTS & DISHES - MANUFACTURED
526,"Instant potato (e.g. Smash), made up with milk",1899,OTHER POTATO PRODUCTS & DISHES - MANUFACTURED
527,"Instant porridge pot, plain (e.g. Oat So Simple original), made up with water",3797,HIGH FIBRE BREAKFAST CEREALS
528,"Iodine (400ug), drops",11136,"SINGLE VITS OR MINS NOT Folic acid, Fe, Ca, Vit C"
529,Iron (14mg),10315,IRON ONLY OR WITH VITAMIN C
530,Iron (14mg) with vitamin C (60mg),5875,IRON ONLY OR WITH VITAMIN C
531,"Jackfruit, canned",2060,CANNED FRUIT IN SYRUP
532,Jam roly poly,3834,SPONGE PUDDINGS - MANUFACTURED
533,Jelly beans,11401,SUGAR CONFECTIONERY
534,"Jelly, no added sugar (not made up)",8003,OTHER CEREAL BASED PUDDINGS - MANUFACTURED
535,Jelly (not made up),552,OTHER CEREAL BASED PUDDINGS - MANUFACTURED
536,John west tuna twist (e.g. with tomato and herb dressing),9856,MANUFACTURED OILY FISH PRODUCTS INCL READY MEALS
537,Kale puree,11374,LEAFY GREEN VEGETABLES NOT RAW
538,Kellogg's Cornflakes,205,OTHER BREAKFAST CEREALS (NOT HIGH FIBRE)
539,Kellogg's Coco Pops,204,OTHER BREAKFAST CEREALS (NOT HIGH FIBRE)
540,"Crunchy, cluster type cereal",11530,OTHER BREAKFAST CEREALS (NOT HIGH FIBRE)
541,Kellogg's Fruit 'n' Fibre cereal,229,HIGH FIBRE BREAKFAST CEREALS
542,Kendal mint cake,2271,SUGAR CONFECTIONERY
543,Kellogg's Rice Krispie Multigrain Shapes,10125,HIGH FIBRE BREAKFAST CEREALS
544,Kelp / Sea Kelp,9944,OTHER NUTRIENT SUPPLEMENTS
545,KFC chicken wraps (e.g. Zinger Twister),3363,SANDWICHES
546,KFC tower burger,2955,MANUFACTURED COATED CHICKEN / TURKEY PRODUCTS
547,Kidney beans,1677,BEANS AND PULSES INCL READY MEAL & HOMEMADE DISHES
548,"Kidney beans in chilli sauce, canned",5856,BEANS AND PULSES INCL READY MEAL & HOMEMADE DISHES
549,Kinder egg (milk & white chocolate),4053,CHOCOLATE CONFECTIONERY
550,"Kidney, fried or grilled",1176,OTHER MEAT INCLUDING HOMEMADE RECIPE DISHES
551,Kiwi puree,10696,OTHER FRUIT NOT CANNED
552,"Kidney, uncooked",1223,OTHER MEAT INCLUDING HOMEMADE RECIPE DISHES
553,"Kingsmill sandwich thins, white",120,WHITE BREAD (NOT HIGH FIBRE; NOT MULTISEED BREAD)
554,Lamb biryani,9478,OTHER LAMB INCLUDING HOMEMADE RECIPE DISHES
555,"Roast lamb breast, with stuffing",978,OTHER LAMB INCLUDING HOMEMADE RECIPE DISHES
556,Roast lamb breast/rack/crown,977,OTHER LAMB INCLUDING HOMEMADE RECIPE DISHES
557,Lancashire cheese,683,OTHER CHEESE
558,"Lamb chop, uncooked (fat removed)",1012,OTHER LAMB INCLUDING HOMEMADE RECIPE DISHES
559,"Lamb chops/cutlet, grilled, fat not eaten",980,OTHER LAMB INCLUDING HOMEMADE RECIPE DISHES
560,"Lamb chop, uncooked (including fat)",1010,OTHER LAMB INCLUDING HOMEMADE RECIPE DISHES
561,"Lamb curry, take away",6990,OTHER LAMB INCLUDING HOMEMADE RECIPE DISHES
562,Lamb lasagne,1348,OTHER BEEF & VEAL INCLUDING HOMEMADE RECIPE DISHES
563,"Lambs liver, stewed in gravy",1196,LIVER AND DISHES
564,"Lambs liver, stewed",8908,LIVER AND DISHES
565,"Lambs liver, uncooked",1197,LIVER AND DISHES
566,"Lamb shoulder, uncooked (including fat)",1010,OTHER LAMB INCLUDING HOMEMADE RECIPE DISHES
567,"Lime cordial, no added sugar, diluted",11577,SOFT DRINKS LOW CALORIE CONCENTRATED
568,"Lower calorie pizza (e.g. Delight, Leggera), meat-based, takeaway/restaurant",10029,PIZZA
569,Lemon chicken,6651,OTHER CHICKEN / TURKEY INCL HOMEMADE RECIPE DISHES
570,"Lentil curry, with tomatoes",1761,BEANS AND PULSES INCL READY MEAL & HOMEMADE DISHES
571,"Lentils, dried",1757,BEANS AND PULSES INCL READY MEAL & HOMEMADE DISHES
572,Lemon juice used in cooking,2689,FRUIT JUICE
573,"Leg of lamb, uncooked (including fat)",1001,OTHER LAMB INCLUDING HOMEMADE RECIPE DISHES
574,Lecithin powder/granules,3406,OTHER NUTRIENT SUPPLEMENTS
575,Leek puree,30029,OTHER VEGETABLES INCLUDING HOMEMADE DISHES
576,Lentil puree,30034,BEANS AND PULSES INCL READY MEAL & HOMEMADE DISHES
577,"Leek, raw",1755,SALAD AND OTHER RAW VEGETABLES
578,"Lemon sole, uncooked",1450,OTHER WHITE FISH INCLUDING HOMEMADE DISHES
579,"Lime juice cordial, with ADDED SUGAR, not diluted",2331,SOFT DRINKS NOT LOW CALORIE CONCENTRATED
580,Low-protein bread (e.g. Loprofin),10335,WHITE BREAD (NOT HIGH FIBRE; NOT MULTISEED BREAD)
581,"Low calorie drinking chocolate powder, instant",7890,BEVERAGES DRY WEIGHT
582,"Low calorie soup (condensed), canned, not made up",8153,SOUP MANUFACTURED/ RETAIL
583,Low-alcohol cider,8578,LOW ALCOHOL & ALCOHOL FREE CIDER & PERRY
584,Low fat hazelnut yoghurt,704,YOGURT
585,Low-proof liquers/aperitifs (eg. Sourz),10383,LIQUEURS
586,"Low-fat macaroni cheese, ready meal",8011,PASTA MANUFACTURED PRODUCTS & READY MEALS
587,Low-fat malted milk drink powder (e.g. Horlicks light),2635,BEVERAGES DRY WEIGHT
588,Low-protein pasta (e.g. Loprofin),10334,OTHER PASTA INCLUDING HOMEMADE DISHES
589,Lo Salt,10381,SAVOURY SAUCES PICKLES GRAVIES & CONDIMENTS
590,"Loganberries, stewed",2067,OTHER FRUIT NOT CANNED
591,"Lightest spreadable butter (e.g. Lurpak, Sainsbury’s Buttersoft Light)",3891,REDUCED FAT SPREAD (NOT POLYUNSATURATED)
592,Magnesium (100 mg),10834,"SINGLE VITS OR MINS NOT Folic acid, Fe, Ca, Vit C"
593,Magnesium (250/300 mg),10767,"SINGLE VITS OR MINS NOT Folic acid, Fe, Ca, Vit C"
594,Mars Bar milk drink,8212,OTHER MILK
595,"Mandarins, canned in syrup",2075,CANNED FRUIT IN SYRUP
596,"Mandarins, canned in juice",2075,CANNED FRUIT IN SYRUP
597,Mascarpone cheese,6978,OTHER CHEESE
598,"Macaroni cheese, made-up from packet mix (e.g. Batchelors Mac 'n' Cheese)",4003,OTHER PASTA INCLUDING HOMEMADE DISHES
599,"Macaroni cheese, ready meal",8049,PASTA MANUFACTURED PRODUCTS & READY MEALS
600,Mayonnaise-based dip (e.g. garlic dip),6846,SAVOURY SAUCES PICKLES GRAVIES & CONDIMENTS
601,Malt extract,9805,SWEET SPREADS FILLINGS AND ICING
602,"Mango juice, 100% juice",8604,FRUIT JUICE
603,Malted milk drink powder (e.g. Horlicks),2310,BEVERAGES DRY WEIGHT
604,"Mashed potato, with reduced fat spread",9249,OTHER POTATOES INCLUDING HOMEMADE DISHES
605,Mango puree,10692,OTHER FRUIT NOT CANNED
606,"Mackerel, uncooked",1506,OTHER OILY FISH INCLUDING HOMEMADE DISHES
607,McDonald's bacon double cheeseburger,10066,BURGERS AND KEBABS PURCHASED
608,McDonald's Caesar salad,8097,MANUFACTURED CHICKEN PRODUCTS INCL READY MEALS
609,Mcvities chocolate digestive,11418,BISCUITS MANUFACTURED / RETAIL
610,Mcvities digestive,11417,BISCUITS MANUFACTURED / RETAIL
611,McDonalds/Burger King dips and sauces,2446,SAVOURY SAUCES PICKLES GRAVIES & CONDIMENTS
612,Mcvities Gold Bar,11317,BISCUITS MANUFACTURED / RETAIL
613,McDonald's Mcflurry,4202,ICE CREAM
614,Mcvities rich tea,11420,BISCUITS MANUFACTURED / RETAIL
615,Meatloaf,1349,OTHER MEAT INCLUDING HOMEMADE RECIPE DISHES
616,Meat feast sub roll/baguette,11557,SANDWICHES
617,Meatballs fried,9027,OTHER BEEF & VEAL INCLUDING HOMEMADE RECIPE DISHES
618,"Meatballs in gravy, canned",5131,MANUFACTURED BEEF PRODUCTS INCLUDING READY MEALS
619,Meatballs in tomato sauce,11522,OTHER PORK INCLUDING HOMEMADE RECIPE DISHES
620,Men's multivitamin and mineral supplement (e.g. Vitabiotics wellman),10896,VITAMINS AND MINERALS (INCL MULTIVITS & MINERALS)
621,Menopause multivitamins and mineral supplement(e.g. Vitabiotics Menopace),10172,VITAMINS AND MINERALS (INCL MULTIVITS & MINERALS)
622,"Meat pizza (e.g. Hawaiian, pepperoni, meat feast), takeaway/restaurant",11508,PIZZA
623,"Meat pizza (e.g. Hawaiian, pepperoni, meat feast), stuffed crust, takeaway/restaurant",11514,PIZZA
624,Melon puree,10903,OTHER FRUIT NOT CANNED
625,Meal replacement bar (e.g. Slimfast),9498,NUTRITION POWDERS AND DRINKS
626,Meal replacement porridge powder (e.g. Lighter Life),2739,NUTRITION POWDERS AND DRINKS
627,Meat risotto (e.g. beef/ham),11496,OTHER BEEF & VEAL INCLUDING HOMEMADE RECIPE DISHES
628,Meat savoury pastry  (e.g. ham and cheese),6752,HOMEMADE MEAT PIES AND PASTRIES
629,Millet,3259,OTHER CEREALS
630,"Hot milk, 1% fat",10277,1% Fat Milk
631,Mixed bean curry,3940,BEANS AND PULSES INCL READY MEAL & HOMEMADE DISHES
632,"Minced beef, fried",3829,OTHER BEEF & VEAL INCLUDING HOMEMADE RECIPE DISHES
633,Minced beef in gravy,944,OTHER BEEF & VEAL INCLUDING HOMEMADE RECIPE DISHES
634,"Minced beef, stewed, with onion",7040,OTHER BEEF & VEAL INCLUDING HOMEMADE RECIPE DISHES
635,"Milk bread/roll, white",128,WHITE BREAD (NOT HIGH FIBRE; NOT MULTISEED BREAD)
636,"Milkshake / Milk drink, not chocolate (e.g. strawberry, banana)",612,OTHER MILK
637,"Mint, fresh",9232,SALAD AND OTHER RAW VEGETABLES
638,Mint jelly,2436,SAVOURY SAUCES PICKLES GRAVIES & CONDIMENTS
639,"Mixed leaf salad, with a cream-based/mayonnaise type dressing",11463,SALAD AND OTHER RAW VEGETABLES
640,"Mixed leaf salad, with an oil-based/French type dressing",11464,SALAD AND OTHER RAW VEGETABLES
641,"Mixed nuts, salted",2189,NUTS AND SEEDS
642,"Mixed pizza (e.g. chicken and bacon), stuffed crust, takeaway/restaurant",11515,PIZZA
643,"Mixed pizza (e.g. chicken and bacon), takeaway/restaurant",11512,PIZZA
644,Milkshake powder (excluding Nesquik),2311,BEVERAGES DRY WEIGHT
645,"Minced pork, stewed",9461,OTHER PORK INCLUDING HOMEMADE RECIPE DISHES
646,"Minestrone soup, dry/packet mix",2470,SOUP MANUFACTURED/ RETAIL
647,"Mincemeat, sweet",2225,SWEET SPREADS FILLINGS AND ICING
648,"Mini sweetcorn / sweet corn (babycorn), canned",10792,OTHER VEGETABLES INCLUDING HOMEMADE DISHES
649,Millet (uncooked),77,OTHER CEREALS
650,"Mixed vegetables stir fry, takeaway",8631,OTHER VEGETABLES INCLUDING HOMEMADE DISHES
651,Moussaka (made with beef),1350,OTHER BEEF & VEAL INCLUDING HOMEMADE RECIPE DISHES
652,"Moussaka, ready meal",5320,MANUFACTURED LAMB PRODUCTS INCLUDING READY MEALS
653,"Multivitamin and Iron liquid (3.8mg), e.g. Floradix",10189,VITAMINS AND MINERALS (INCL MULTIVITS & MINERALS)
654,Multivitamin and minerals,10844,VITAMINS AND MINERALS (INCL MULTIVITS & MINERALS)
655,"Mung beans, dried",1678,BEANS AND PULSES INCL READY MEAL & HOMEMADE DISHES
656,"Mushrooms, canned",10802,OTHER VEGETABLES INCLUDING HOMEMADE DISHES
657,"Mustard cress, raw",1782,SALAD AND OTHER RAW VEGETABLES
658,Muesli with fruit & nuts,11534,HIGH FIBRE BREAKFAST CEREALS
659,"Muesli with fruit only, no nuts",11533,HIGH FIBRE BREAKFAST CEREALS
660,"Mushrooms, fried",1775,OTHER VEGETABLES INCLUDING HOMEMADE DISHES
661,"Mushrooms, fried in olive oil",9309,OTHER VEGETABLES INCLUDING HOMEMADE DISHES
662,"Mushrooms, fried in butter",1773,OTHER VEGETABLES INCLUDING HOMEMADE DISHES
663,"Mussels, in a white wine sauce",11008,OTHER SHELLFISH INCLUDING HOMEMADE DISHES
664,Multivitamins (no minerals) (e.g. Tesco/Asda/Boots),10081,VITAMINS (TWO OR MORE INCL MULTIVITS) NO MINERALS
665,Mushroom puree,30014,OTHER VEGETABLES INCLUDING HOMEMADE DISHES
666,"Mushrooms, raw",1772,SALAD AND OTHER RAW VEGETABLES
667,"Mussels, uncooked",1571,OTHER SHELLFISH INCLUDING HOMEMADE DISHES
668,Multiseed wholemeal bread,8019,WHOLEMEAL BREAD
669,Multiseed white bread,8020,BROWN GRANARY AND WHEATGERM BREAD
670,Multivitamin with iron (14mg),10082,VITAMINS AND MINERALS (INCL MULTIVITS & MINERALS)
671,"Multivitamin, effervescent tablet",11169,VITAMINS (TWO OR MORE INCL MULTIVITS) NO MINERALS
672,"Mixed pizza (e.g. chicken and bacon), stuffed crust",10032,PIZZA
673,"Mixed salad vegetables and leaves, no dressing",11465,SALAD AND OTHER RAW VEGETABLES
674,"Mixed salad vegetables and leaves, with an oil-based/French type dressing",11467,SALAD AND OTHER RAW VEGETABLES
675,"Mixed salad vegetables and leaves, with a cream-based/mayonnaise type dressing",11466,SALAD AND OTHER RAW VEGETABLES
676,"Natural fromage frais, sugar free",7741,YOGURT
677,"Natural fromage frais, fat free, sugar free",2700,YOGURT
678,Nestle Gluten Free Honey Flakes,8169,OTHER BREAKFAST CEREALS (NOT HIGH FIBRE)
679,Nesquik milkshake powder,11128,BEVERAGES DRY WEIGHT
680,"New potatoes, skin eaten, baked",1837,OTHER POTATOES INCLUDING HOMEMADE DISHES
681,"New potatoes, without skin, baked",1838,OTHER POTATOES INCLUDING HOMEMADE DISHES
682,Nectarine puree,10978,OTHER FRUIT NOT CANNED
683,"Nectarine/peach, stewed",10976,OTHER FRUIT NOT CANNED
684,Non dairy cream alternative (e.g. Alpro soya),10312,CREAM (INCLUDING IMITATION CREAM)
685,"Noodles, dried (uncooked)",33,OTHER PASTA INCLUDING HOMEMADE DISHES
686,Oatbran,8171,OTHER CEREALS
687,"Okra (ladies fingers/bhindi), raw",1783,SALAD AND OTHER RAW VEGETABLES
688,Okra puree,11364,OTHER VEGETABLES INCLUDING HOMEMADE DISHES
689,Omelette with vegetables and cheese,11555,OTHER EGGS AND EGG DISHES INCLUDING HOMEMADE
690,Omelette with ham & cheese,11497,OTHER EGGS AND EGG DISHES INCLUDING HOMEMADE
691,"Onions, dried",11389,SAVOURY SAUCES PICKLES GRAVIES & CONDIMENTS
692,"Onions, fried in olive oil",9570,OTHER VEGETABLES INCLUDING HOMEMADE DISHES
693,Onion gravy,3826,SAVOURY SAUCES PICKLES GRAVIES & CONDIMENTS
694,Onion puree,11349,OTHER VEGETABLES INCLUDING HOMEMADE DISHES
695,Organix Goodies gingerbread men,11314,BISCUITS MANUFACTURED / RETAIL
696,"Orange squash / juice, with ADDED SUGAR, diluted",11581,SOFT DRINKS NOT LOW CALORIE CONCENTRATED
697,Osteocare multivitamin and mineral supplements,10093,VITAMINS AND MINERALS (INCL MULTIVITS & MINERALS)
698,"Oven chips, in batter",10562,CHIPS PURCHASED INCLUDING TAKEAWAY
699,"Ox liver, uncooked",1226,LIVER AND DISHES
700,"Oxtail soup, dry/packet mix",2466,SOUP MANUFACTURED/ RETAIL
701,Pantothenic acid (Vitamin B5) (500mg),11388,"SINGLE VITS OR MINS NOT Folic acid, Fe, Ca, Vit C"
702,"Pasta and sauce mix, tomato based (uncooked)",11330,PASTA MANUFACTURED PRODUCTS & READY MEALS
703,"Pasta and sauce mix, cheese & white sauce based (uncooked)",4002,PASTA MANUFACTURED PRODUCTS & READY MEALS
704,"Pasta carbonara (e.g. spaghetti), ready meal",8666,PASTA MANUFACTURED PRODUCTS & READY MEALS
705,"Pangas/river cobbler, grilled or oven baked",11131,OTHER WHITE FISH INCLUDING HOMEMADE DISHES
706,"Pangas/river cobbler, uncooked",11002,OTHER WHITE FISH INCLUDING HOMEMADE DISHES
707,Passion fruit puree,20061,OTHER FRUIT NOT CANNED
708,Parsnip puree,11359,OTHER VEGETABLES INCLUDING HOMEMADE DISHES
709,Pawpaw/papaya puree,10959,OTHER FRUIT NOT CANNED
710,"Parsnip, roasted in animal fat (e.g. chicken fat / beef dripping)",1802,OTHER VEGETABLES INCLUDING HOMEMADE DISHES
711,"Pasta and sauce, made-up from packet mix (e.g. Batchelors Pasta 'n' Sauce)",4003,OTHER PASTA INCLUDING HOMEMADE DISHES
712,"Tomato-based pasta sauce, with mushrooms (e.g. Dolmio)",5400,OTHER VEGETABLES INCLUDING HOMEMADE DISHES
713,Pate sandwich with white/malted bread,11544,SANDWICHES
714,Pate sandwich with wholemeal/oatmeal bread,11543,SANDWICHES
715,Pasta with meat and creamy sauce,3316,OTHER PASTA INCLUDING HOMEMADE DISHES
716,Pasta with meat in a tomato-based sauce e.g. chicken,11505,OTHER CHICKEN / TURKEY INCL HOMEMADE RECIPE DISHES
717,Pasta with a vegetable based sauce,11498,OTHER VEGETABLES INCLUDING HOMEMADE DISHES
718,"Pasta with meat and tomato-based sauce, canned (e.g. pasta with sausages)",9273,PASTA MANUFACTURED PRODUCTS & READY MEALS
719,Pasta with seafood,4351,PASTA MANUFACTURED PRODUCTS & READY MEALS
720,Pancake with sultanas or raisins,3561,OTHER CEREAL BASED PUDDINGS - MANUFACTURED
721,Pavlova with toffee/chocolate,5581,MANUFACTURED EGG PRODUCTS INCLUDING READY MEALS
722,Pasta with tuna and tomato-based sauce,5723,PASTA MANUFACTURED PRODUCTS & READY MEALS
723,Peanut butter cookies,8969,BISCUITS HOMEMADE
724,Pecorino cheese,676,OTHER CHEESE
725,Pea and cheese curry (e.g. matar paneer),2983,OTHER VEGETABLES INCLUDING HOMEMADE DISHES
726,"Pear (cooking variety), raw",2110,APPLES AND PEARS NOT CANNED
727,Pea curry (e.g. matar curry),1821,PEAS NOT RAW
728,Pectin (dry mix),11321,NUTRITION POWDERS AND DRINKS
729,"Peanuts, dry roasted",8540,NUTS AND SEEDS
730,Pea and potato curry (e.g. aloo matar),1822,OTHER VEGETABLES INCLUDING HOMEMADE DISHES
731,Peach puree,10694,OTHER FRUIT NOT CANNED
732,Pear puree,10698,APPLES AND PEARS NOT CANNED
733,Peas puree,30027,PEAS NOT RAW
734,Pepper puree (green),30018,OTHER VEGETABLES INCLUDING HOMEMADE DISHES
735,Pepper puree (red),11348,OTHER VEGETABLES INCLUDING HOMEMADE DISHES
736,Pepper puree (yellow),30039,OTHER VEGETABLES INCLUDING HOMEMADE DISHES
737,"Peas, raw",1806,SALAD AND OTHER RAW VEGETABLES
738,Puffed wheat breakfast cereal (unsweetened),218,HIGH FIBRE BREAKFAST CEREALS
739,"Pig liver, uncooked",1199,LIVER AND DISHES
740,"Pistachio nuts, salted",8548,NUTS AND SEEDS
741,"Pigeon peas, dried",1820,BEANS AND PULSES INCL READY MEAL & HOMEMADE DISHES
742,Pineapple puree,10902,OTHER FRUIT NOT CANNED
743,"Pineapple, stewed",10955,OTHER FRUIT NOT CANNED
744,"Plain dosa, made with lentils and rice (no filling)",6282,BEANS AND PULSES INCL READY MEAL & HOMEMADE DISHES
745,"Plantain, fried",9468,OTHER VEGETABLES INCLUDING HOMEMADE DISHES
746,"Plaice, fresh, uncooked",1461,OTHER WHITE FISH INCLUDING HOMEMADE DISHES
747,"Plaice in breadcrumb, grilled or oven baked",9353,WHITE FISH COATED OR FRIED
748,"Plaice in breadcrumb, fried",7815,WHITE FISH COATED OR FRIED
749,Plum puree,10695,OTHER FRUIT NOT CANNED
750,"Plantain, raw",9471,SALAD AND OTHER RAW VEGETABLES
751,Ploughman's sub roll/baguette,11487,SANDWICHES
752,Ploughman's sandwich with wholemeal/oatmeal bread,11488,SANDWICHES
753,Ploughman's sandwich with white/malted bread,11487,SANDWICHES
754,Polydextrose,11353,ARTIFICIAL SWEETENERS
755,"Potato bake, with cream and bacon",802,OTHER POTATOES INCLUDING HOMEMADE DISHES
756,"Pork belly, uncooked (including fat)",9490,OTHER PORK INCLUDING HOMEMADE RECIPE DISHES
757,"Pork chop/loin, fried",9455,OTHER PORK INCLUDING HOMEMADE RECIPE DISHES
758,"Pork chop/loin, grilled, fat eaten",1026,OTHER PORK INCLUDING HOMEMADE RECIPE DISHES
759,Pouring cream,638,CREAM (INCLUDING IMITATION CREAM)
760,"Potato curry, with tomatoes",5790,OTHER POTATOES INCLUDING HOMEMADE DISHES
761,Pork escalope,5735,OTHER PORK INCLUDING HOMEMADE RECIPE DISHES
762,"Potato farl/cake, fried",7232,OTHER MANUFACTURED POTATO PRODUCTS FRIED/BAKED
763,Pork fillet (tenderloin),9462,OTHER PORK INCLUDING HOMEMADE RECIPE DISHES
764,Potato flour,9202,OTHER CEREALS
765,Roast pork (fat not eaten),9451,OTHER PORK INCLUDING HOMEMADE RECIPE DISHES
766,Roast pork (fat eaten),9450,OTHER PORK INCLUDING HOMEMADE RECIPE DISHES
767,"Pork leg, uncooked (including fat)",9490,OTHER PORK INCLUDING HOMEMADE RECIPE DISHES
768,"Pork, minced, uncooked (including fat)",9489,OTHER PORK INCLUDING HOMEMADE RECIPE DISHES
769,"Potato, new, fried/roasted without oil",2609,OTHER POTATOES INCLUDING HOMEMADE DISHES
770,"Potato, old, fried/roasted without oil",2608,OTHER POTATOES INCLUDING HOMEMADE DISHES
771,Boiled potato puree,11382,OTHER POTATOES INCLUDING HOMEMADE DISHES
772,"Potato, raw",1828,OTHER POTATOES INCLUDING HOMEMADE DISHES
773,"Porridge pot, syrup/fruit flavour, uncooked (e.g. Oat so Simple fruit flavours)",5329,HIGH FIBRE BREAKFAST CEREALS
774,"Porridge sachet, syrup/fruit flavour, uncooked (e.g. Oat so Simple fruit flavours)",5329,HIGH FIBRE BREAKFAST CEREALS
775,"Potato salad, with mayonnaise/salad cream",1907,OTHER POTATO PRODUCTS & DISHES - MANUFACTURED
776,"Porridge sachet, plain, made up with milk (e.g. Oat So Simple Original)",3797,HIGH FIBRE BREAKFAST CEREALS
777,"Porridge sachet, plain, uncooked (e.g. Quaker Oat so Simple Original)",10515,HIGH FIBRE BREAKFAST CEREALS
778,"Porridge sachet, syrup/fruit flavour, made up with milk (e.g. Oat So Simple apple and blueberry)",5331,HIGH FIBRE BREAKFAST CEREALS
779,"Pork sausage, uncooked",1278,OTHER SAUSAGES INCLUDING HOMEMADE DISHES
780,"Potato salad, with an oil-based/French type dressing",1907,OTHER POTATO PRODUCTS & DISHES - MANUFACTURED
781,"Potato shapes (e.g. Alphabites, Smilies), grilled/baked",1883,OTHER MANUFACTURED POTATO PRODUCTS FRIED/BAKED
782,"Potato shapes (e.g. Alphabites, Smilies), fried",1879,OTHER MANUFACTURED POTATO PRODUCTS FRIED/BAKED
783,Roast/grilled pork spare rib (fat not eaten),9443,OTHER PORK INCLUDING HOMEMADE RECIPE DISHES
784,Roast/grilled pork spare rib (fat eaten),9442,OTHER PORK INCLUDING HOMEMADE RECIPE DISHES
785,Pork stir fry (meat and vegetables),11584,OTHER PORK INCLUDING HOMEMADE RECIPE DISHES
786,Potassium (99mg),3733,"SINGLE VITS OR MINS NOT Folic acid, Fe, Ca, Vit C"
787,Polenta (uncooked),3349,OTHER CEREALS
788,"Pollock, uncooked",1401,OTHER WHITE FISH INCLUDING HOMEMADE DISHES
789,Promax protein meal bar,10354,BISCUITS MANUFACTURED / RETAIL
790,Prawn biryani,1641,OTHER SHELLFISH INCLUDING HOMEMADE DISHES
791,Prawn cocktail wrap,11550,SANDWICHES
792,"Prawn curry, ready meal, with rice",9328,MANUFACTURED SHELLFISH PRODUCTS INCL READY MEALS
793,Premium flavoured ice cream (e.g. Kelly's Clotted Cream and Raspberry Ripple),5252,ICE CREAM
794,Prescription iron supplement: Ferrous gluconate 300mg (35mg Iron),9505,IRON ONLY OR WITH VITAMIN C
795,"Prescription iron supplement: Ferrous sulfate/fumerate, 210mg (69mg iron)",10579,IRON ONLY OR WITH VITAMIN C
796,"Prescription iron supplement: Ferrous sulfate/fumerate, 300mg (100mg iron)(e.g. Galfer/Fersaday)",9765,IRON ONLY OR WITH VITAMIN C
797,"Prescription iron supplement, 27.5mg (e.g. Sytron), 5ml oral solution",10743,IRON ONLY OR WITH VITAMIN C
798,Prawn mayo sandwich with wholemeal/oatmeal bread,11441,SANDWICHES
799,Protein Shake,11186,NUTRITION POWDERS AND DRINKS
800,"Prunes, stewed",2135,OTHER FRUIT NOT CANNED
801,"Pre-workout supplements, powder (e.g. Grenade)",11200,NON-NUTRIENT SUPPLEMENTS (INCL HERBAL)
802,Pregnancy support supplements (e.g Vitabiotics Pregnacare Original),10083,VITAMINS AND MINERALS (INCL MULTIVITS & MINERALS)
803,"Premium vanilla ice cream (e.g. Mackies, Haagen-Dazs)",5251,ICE CREAM
804,Probiotic yoghurt drink with fruit (e.g. Actimel),10466,YOGURT
805,Pure dairy-free soya spread/margarine,10786,REDUCED FAT SPREAD (POLYUNSATURATED)
806,"Pure fruit puree, (6mth+), ready to eat pot or pouch",7947,COMMERCIAL TODDLERS FOODS
807,Puff Pastry Light (e.g. Jus-Rol) - savoury,11151,BUNS CAKES & PASTRIES MANUFACTURED
808,"Puff pastry, uncooked",394,BUNS CAKES & PASTRIES MANUFACTURED
809,Pumpkin puree,11362,OTHER VEGETABLES INCLUDING HOMEMADE DISHES
810,"Prawn chow mein, stir fry (with noodles)",1642,OTHER SHELLFISH INCLUDING HOMEMADE DISHES
811,Quorn sausages,8108,MEAT ALTERNATIVES INCL READY MEALS & HOMEMADE DISH
812,"Quorn stir fry, including vegetables (with noodles)",10153,OTHER VEGETABLES INCLUDING HOMEMADE DISHES
813,Quorn stir fry (quorn and vegetables),6910,MEAT ALTERNATIVES INCL READY MEALS & HOMEMADE DISH
814,Rasmalai,6081,DAIRY DESSERTS HOMEMADE
815,"Raspberries, canned",2146,CANNED FRUIT IN SYRUP
816,"Ratatouille, canned",2626,OTHER MANUFACTURED VEGETABLE PRODUCTS INCL RM
817,Raspberry ketones,11200,NON-NUTRIENT SUPPLEMENTS (INCL HERBAL)
818,Raspberry puree,10689,OTHER FRUIT NOT CANNED
819,Raddichio,8283,SALAD AND OTHER RAW VEGETABLES
820,"Raspberries, stewed",2144,OTHER FRUIT NOT CANNED
821,"Rabbit, uncooked",1165,OTHER MEAT INCLUDING HOMEMADE RECIPE DISHES
822,Refried beans,5439,BEANS AND PULSES INCL READY MEAL & HOMEMADE DISHES
823,"Ready Brek or other fortified instant oat cereal, uncooked (eg. Sainsburys & Tesco instant oats)",10514,HIGH FIBRE BREAKFAST CEREALS
824,White or wholegrain ready cooked plain rice (e.g. Uncle Bens),10020,RICE MANUFACTURED PRODUCTS & READY MEALS
825,"Light olive spread/margarine (e.g. Tesco, Sainsbury's)",10048,LOW FAT SPREAD NOT POLYUNSATURATED
826,"Reduced fat buttery-taste spread/margarine, supermarket brands",10047,LOW FAT SPREAD NOT POLYUNSATURATED
827,Redcurrant jelly,9396,PRESERVES
828,"Red kidney beans, dried",9201,BEANS AND PULSES INCL READY MEAL & HOMEMADE DISHES
829,Red wine sauce,8580,SAVOURY SAUCES PICKLES GRAVIES & CONDIMENTS
830,"Rhubarb, canned",2151,CANNED FRUIT IN SYRUP
831,"Rhubarb, pureed",11398,OTHER FRUIT NOT CANNED
832,"Ribena original squash, with ADDED SUGAR, not diluted",5498,SOFT DRINKS NOT LOW CALORIE CONCENTRATED
833,"Rice pudding, with fruit",11011,CEREAL BASED MILK PUDDINGS - MANUFACTURED
834,"Roast beef  dinner, ready meal",1320,MANUFACTURED BEEF PRODUCTS INCLUDING READY MEALS
835,"Roast beef slices, pre-packed/deli",5309,OTHER BEEF & VEAL INCLUDING HOMEMADE RECIPE DISHES
836,"Roast lamb dinner, ready meal",8067,MANUFACTURED LAMB PRODUCTS INCLUDING READY MEALS
837,"Roast new potatoes, in olive oil",8683,OTHER FRIED / ROAST POTATOES INCL HOMEMADE DISHES
838,Roast new potatoes,1845,OTHER FRIED / ROAST POTATOES INCL HOMEMADE DISHES
839,"Roast potatoes, in olive oil",8827,OTHER FRIED / ROAST POTATOES INCL HOMEMADE DISHES
840,"Roast potatoes, cooked from frozen (e.g. Aunt Bessies)",5065,OTHER POTATOES INCLUDING HOMEMADE DISHES
841,"Roast pork dinner, ready meal",1352,MANUFACTURED PORK PRODUCTS INCLUDING READY MEALS
842,"Roast potatoes, in animal fat (e.g. chicken/goose fat)",8960,OTHER FRIED / ROAST POTATOES INCL HOMEMADE DISHES
843,"Ribena squash / juice, diluted, with ADDED SUGAR",11580,SOFT DRINKS NOT LOW CALORIE CONCENTRATED
844,"Ribena squash / juice , diluted, no added sugar",11582,SOFT DRINKS LOW CALORIE CONCENTRATED
845,Roast/grilled chicken breast (skin eaten),5127,OTHER CHICKEN / TURKEY INCL HOMEMADE RECIPE DISHES
846,Roast lamb,1000,OTHER LAMB INCLUDING HOMEMADE RECIPE DISHES
847,"Runner beans, canned",10801,GREEN BEANS NOT RAW
848,"Runner beans, fried",9752,GREEN BEANS NOT RAW
849,Rye flour (100%),18,OTHER CEREALS
850,Ryvita minis,8155,CRISPS AND SAVOURY SNACKS
851,Sausage and egg in a bun/muffin (e.g. Sausage and egg McMuffin),10067,OTHER MEAT PRODUCTS MANUFACTURED INCL READY MEALS
852,"Sausage burger, in a bun",9785,BURGERS AND KEBABS PURCHASED
853,"Sausage casserole mix, dry/packet",11332,SAVOURY SAUCES PICKLES GRAVIES & CONDIMENTS
854,"Salted cod, boiled",1446,OTHER WHITE FISH INCLUDING HOMEMADE DISHES
855,"Sardine, grilled or oven baked",10428,OTHER OILY FISH INCLUDING HOMEMADE DISHES
856,Salmon in a watercress sauce,9666,OTHER OILY FISH INCLUDING HOMEMADE DISHES
857,Sausage meat stuffing,8772,OTHER SAUSAGES INCLUDING HOMEMADE DISHES
858,"Sauce mix, dry/packet (e.g. parsley, bread)",9377,SAVOURY SAUCES PICKLES GRAVIES & CONDIMENTS
859,"Sauce mix, made-up (e.g. parsley/peppercorn)",2458,SAVOURY SAUCES PICKLES GRAVIES & CONDIMENTS
860,Sauteed potatoes,1888,OTHER FRIED / ROAST POTATOES INCL HOMEMADE DISHES
861,"Sauteed potatoes, in olive oil",9351,OTHER FRIED / ROAST POTATOES INCL HOMEMADE DISHES
862,"Savoury rice, packet mix (uncooked)",69,RICE MANUFACTURED PRODUCTS & READY MEALS
863,Sandwich spread (e.g. Heinz),2443,SAVOURY SAUCES PICKLES GRAVIES & CONDIMENTS
864,"Salmon, uncooked",1519,OTHER OILY FISH INCLUDING HOMEMADE DISHES
865,Sausage sandwich with ketchup with wholemeal/oatmeal bread or roll,11542,SANDWICHES
866,Sausage sandwich with ketchup with white/malted bread or roll,11541,SANDWICHES
867,"Chapati / roti, wholemeal (brown), shop-bought",11523,WHOLEMEAL BREAD
868,"Chapati / roti, white, shop-bought",11524,WHITE BREAD (NOT HIGH FIBRE; NOT MULTISEED BREAD)
869,"Science in Sport PSP22 energy drink, dry powder ONLY",2202,SUGAR
870,Salmon and cucumber sandwich with wholemeal/oatmeal bread,11442,SANDWICHES
871,Salmon and cucumber sandwich with white/malted bread,11553,SANDWICHES
872,Semolina,6819,CEREAL BASED MILK PUDDINGS - HOMEMADE
873,Sevyiaan,7683,CEREAL BASED MILK PUDDINGS - HOMEMADE
874,Seafood pasta in a tomato based sauce,5628,OTHER SHELLFISH INCLUDING HOMEMADE DISHES
875,Semi-skimmed dried milk powder,10498,OTHER MILK
876,Selenium (200ug),3740,"SINGLE VITS OR MINS NOT Folic acid, Fe, Ca, Vit C"
877,"Hot milk, semi skimmed",699,SEMI SKIMMED MILK
878,Semolina (uncooked),72,OTHER CEREALS
879,"Seaweed wakame, dried",9160,SAVOURY SAUCES PICKLES GRAVIES & CONDIMENTS
880,Shortcrust pastry (savoury),406,BUNS CAKES & PASTRIES MANUFACTURED
881,"Shortcrust pastry, uncooked",399,BUNS CAKES & PASTRIES HOMEMADE
882,"Shepherd's pie (lamb), ready meal",5321,MANUFACTURED LAMB PRODUCTS INCLUDING READY MEALS
883,"Side salad (e.g. lettuce, tomato, cucumber) with a cream-based/mayonnaise type dressing",11460,SALAD AND OTHER RAW VEGETABLES
884,"Side salad (e.g. including lettuce, tomato, cucumber) with an oil-based/French type dressing",11462,SALAD AND OTHER RAW VEGETABLES
885,"Single strength squash, no added sugar, not diluted",2351,SOFT DRINKS LOW CALORIE CONCENTRATED
886,"Single strength squash, with ADDED SUGAR, not diluted (e.g. Vimto, Miwadi)",2349,SOFT DRINKS NOT LOW CALORIE CONCENTRATED
887,"Skate, grilled or oven baked",9269,OTHER WHITE FISH INCLUDING HOMEMADE DISHES
888,"Skin, hair and nail supplement (e.g. Perfectil)",11019,VITAMINS AND MINERALS (INCL MULTIVITS & MINERALS)
889,"Skate in batter, fried",1556,WHITE FISH COATED OR FRIED
890,"Hot milk, skimmed",700,SKIMMED MILK
891,"Skate, uncooked",1401,OTHER WHITE FISH INCLUDING HOMEMADE DISHES
892,Slimfast snack bar,10299,BISCUITS MANUFACTURED / RETAIL
893,"Slimmers bread, white (e.g Danish white)",129,WHITE BREAD (NOT HIGH FIBRE; NOT MULTISEED BREAD)
894,Smeitana cream,7719,CREAM (INCLUDING IMITATION CREAM)
895,"Baby milk/infant formula (0-12 months) e.g. Aptamil 1, Cow & Gate 1",10607,INFANT FORMULA
896,"SMA Toddler milk, for 1 year plus, made up",10606,INFANT FORMULA
897,"Soya beans, dried",1684,BEANS AND PULSES INCL READY MEAL & HOMEMADE DISHES
898,Soya bran (gluten free),9692,OTHER CEREALS
899,"Soda bread, wholemeal (brown)",3603,WHOLEMEAL BREAD
900,"Soya flour, full fat",19,BEANS AND PULSES INCL READY MEAL & HOMEMADE DISHES
901,Southern fried chicken sub roll/baguette,11446,SANDWICHES
902,Southern fries / Seasoned fries,10562,CHIPS PURCHASED INCLUDING TAKEAWAY
903,Soya-based baby milk/infant formula (0-12 months)  e.g. SMA Wysoy,10610,INFANT FORMULA
904,Soy isoflavones,10433,OTHER NUTRIENT SUPPLEMENTS
905,Soya and linseed bread,6756,OTHER BREAD
906,"Buttery-taste spread/margarine, supermarket brands",7775,REDUCED FAT SPREAD (NOT POLYUNSATURATED)
907,"Sunflower spread/margarine (e.g. ASDA, Sainsbury's, Morrisons)",10043,REDUCED FAT SPREAD (POLYUNSATURATED)
908,"Soya milk/drink, flavoured (e.g. Alpro chocolate, vanilla, strawberry)",7715,OTHER MILK
909,"Soya milk/drink, light (e.g. Alpro)",10245,OTHER MILK
910,"Soya milk/drink, sweetened (e.g. Alpro)",8512,OTHER MILK
911,Soft scoop chocolate ice cream,6970,ICE CREAM
912,Spicy bean wrap,11486,SANDWICHES
913,"Spaghetti bolognese, canned",9273,PASTA MANUFACTURED PRODUCTS & READY MEALS
914,"Spaghetti bolognese, home made (pasta and sauce)",11561,OTHER BEEF & VEAL INCLUDING HOMEMADE RECIPE DISHES
915,"Sprouting broccoli, cooked",7843,LEAFY GREEN VEGETABLES NOT RAW
916,"Speciality bread (tomato, olive, walnut etc)",11494,WHITE BREAD (NOT HIGH FIBRE; NOT MULTISEED BREAD)
917,Reduced fat spreadable butter (e.g. Lurpak Light),3891,REDUCED FAT SPREAD (NOT POLYUNSATURATED)
918,"Spreadable butter, unsalted (e.g. Lurpak unsalted)",10039,BUTTER
919,Spicy/sweet chilli chicken wrap,11448,SANDWICHES
920,Kellogg's Special K with berries/fruit,2970,OTHER BREAKFAST CEREALS (NOT HIGH FIBRE)
921,"Spinach, fried",9684,LEAFY GREEN VEGETABLES NOT RAW
922,"Special K cereal bar, not protein or fibre",11536,BISCUITS MANUFACTURED / RETAIL
923,Stuffed pepper with meat and rice,11507,OTHER BEEF & VEAL INCLUDING HOMEMADE RECIPE DISHES
924,Spanish omelette / frittata,6172,OTHER EGGS AND EGG DISHES INCLUDING HOMEMADE
925,Spinach and potato curry (e.g. saag aloo),8167,OTHER POTATO PRODUCTS & DISHES - MANUFACTURED
926,Spinach puree (not baby spinach),11376,SALAD AND OTHER RAW VEGETABLES
927,"Sponge pudding with jam/syrup/treacle, shop-bought",11009,SPONGE PUDDINGS - MANUFACTURED
928,"Spinach, raw (not baby spinach)",11100,SALAD AND OTHER RAW VEGETABLES
929,"Squid, uncooked",1585,OTHER SHELLFISH INCLUDING HOMEMADE DISHES
930,Smoked salmon and cream cheese sandwich with wholemeal/oatmeal bread,11478,SANDWICHES
931,Smoked salmon and cream cheese sandwich with white/malted bread,11479,SANDWICHES
932,Steak and kidney pudding,1381,HOMEMADE MEAT PIES AND PASTRIES
933,"Steak and kidney, stewed (no gravy)",3460,OTHER BEEF & VEAL INCLUDING HOMEMADE RECIPE DISHES
934,"Stewed apple, with sugar",1959,APPLES AND PEARS NOT CANNED
935,Starflower (Borage) oil (1000mg),10190,EVENING PRIMROSE OIL AND OTHER PLANT OILS
936,Stock cube,2515,SAVOURY SAUCES PICKLES GRAVIES & CONDIMENTS
937,"Stewing lamb, stewed",1003,OTHER LAMB INCLUDING HOMEMADE RECIPE DISHES
938,"Stuffing mix, dry/packet",8651,SAVOURY SAUCES PICKLES GRAVIES & CONDIMENTS
939,Stollen,8123,BUNS CAKES & PASTRIES MANUFACTURED
940,Stewed pear,2113,APPLES AND PEARS NOT CANNED
941,"Stewed pear, with sugar",2114,APPLES AND PEARS NOT CANNED
942,"Stock pot, chicken/beef (e.g Knorr)",11287,SAVOURY SAUCES PICKLES GRAVIES & CONDIMENTS
943,"Stock pot, vegetable (e.g. Knorr)",11287,SAVOURY SAUCES PICKLES GRAVIES & CONDIMENTS
944,Strawberry puree,10688,OTHER FRUIT NOT CANNED
945,"Strawberries, stewed",10944,OTHER FRUIT NOT CANNED
946,"Stewing steak/beef steak/braising steak, uncooked",9482,OTHER BEEF & VEAL INCLUDING HOMEMADE RECIPE DISHES
947,"Stewing steak and kidney, uncooked",965,OTHER BEEF & VEAL INCLUDING HOMEMADE RECIPE DISHES
948,"Stewing steak/beef steak/braising steak, stewed",971,OTHER BEEF & VEAL INCLUDING HOMEMADE RECIPE DISHES
949,"Strawberry tarlets, with cream",7684,FRUIT PIES MANUFACTURED
950,Straight to wok noodles (e.g. Amoy),30,OTHER PASTA INCLUDING HOMEMADE DISHES
951,Sunbites crispy crackers (crisps),11242,BISCUITS MANUFACTURED / RETAIL
952,Suet (e.g. beef),858,OTHER COOKING FATS AND OILS NOT PUFA
953,Adrenal support supplement (e.g. Nutir advanced),10844,VITAMINS AND MINERALS (INCL MULTIVITS & MINERALS)
954,"Omega 3,6 and 9 supplement (e.g Holland and Barrett)",11163,"COD LIVER OIL AND OTHER FISH OILS (INCL VIT A,D,E)"
955,Wassen magnesium OK,10991,VITAMINS AND MINERALS (INCL MULTIVITS & MINERALS)
956,Wellkid multivitamin liquid (age 4-12),11413,VITAMINS (TWO OR MORE INCL MULTIVITS) NO MINERALS
957,"Sugar-free sweets (including mints, throat lozenges)",7968,SUGAR CONFECTIONERY
958,Sugar syrup,2613,SUGAR
959,"Sweet and sour chicken, ready meal, with rice",10755,MANUFACTURED CHICKEN PRODUCTS INCL READY MEALS
960,Sweet and sour chicken with a ready made sauce,4226,OTHER CHICKEN / TURKEY INCL HOMEMADE RECIPE DISHES
961,"Sweet and sour pork, ready meal, with rice",9726,MANUFACTURED PORK PRODUCTS INCLUDING READY MEALS
962,"Sweetcorn / sweet corn, canned, puree",30079,OTHER VEGETABLES INCLUDING HOMEMADE DISHES
963,"Sweetcorn / sweet corn, cooked",1923,OTHER VEGETABLES INCLUDING HOMEMADE DISHES
964,"Sweeteners, Inulin and Oligofructose",20047,ARTIFICIAL SWEETENERS
965,"Corn on the cob (sweetcorn / sweet corn), raw",2666,SALAD AND OTHER RAW VEGETABLES
966,Sweet pastry,9008,BUNS CAKES & PASTRIES HOMEMADE
967,Sweet potato puree,11361,OTHER VEGETABLES INCLUDING HOMEMADE DISHES
968,Swede puree,30025,OTHER VEGETABLES INCLUDING HOMEMADE DISHES
969,"Swede, raw",1920,SALAD AND OTHER RAW VEGETABLES
970,Sweetener (sorbitol),11320,ARTIFICIAL SWEETENERS
971,"Sweet and sour vegetables with rice, ready meal",8038,OTHER MANUFACTURED VEGETABLE PRODUCTS INCL RM
972,Sweet and sour vegetables,3016,OTHER VEGETABLES INCLUDING HOMEMADE DISHES
973,Synephrine /bitter orange extract (20% synephrine) (300mg),11200,NON-NUTRIENT SUPPLEMENTS (INCL HERBAL)
974,Tandoori chicken,1123,MANUFACTURED CHICKEN PRODUCTS INCL READY MEALS
975,"Takeaway chips, fries (e.g. Burger King, KFC)",10069,CHIPS PURCHASED INCLUDING TAKEAWAY
976,"Tamarinds, raw",6889,OTHER FRUIT NOT CANNED
977,Tapioca (uncooked),73,OTHER CEREALS
978,Tuc crackers,279,BISCUITS MANUFACTURED / RETAIL
979,Teenage multivitamin and mineral supplement (e.g. Wellteen),11324,VITAMINS AND MINERALS (INCL MULTIVITS & MINERALS)
980,"Teenage multivitamins, with evening primrose oil (12-18 years) (e.g. Basset's)",10833,EVENING PRIMROSE OIL AND OTHER PLANT OILS
981,"Chicken curry, toddler meal (e.g. Annabel Karmel, Little Dish)",9386,MANUFACTURED CHICKEN PRODUCTS INCL READY MEALS
982,"Chicken pie, toddler meal (e.g. Annabel Karmel, Little Dish)",3416,MANUFACTURED CHICKEN PRODUCTS INCL READY MEALS
983,"Chicken risotto/paella, toddler meal (e.g. Little Dish, Ella's kitchen)",3221,RICE MANUFACTURED PRODUCTS & READY MEALS
984,"Cottage pie, toddler meal (e.g. Heinz, Little Dish)",1356,MANUFACTURED BEEF PRODUCTS INCLUDING READY MEALS
985,"Fish pie, toddler meal (e.g. Little Dish, Annabel Karmel)",9270,MANUFACTURED WHITE FISH PRODUCTS INCL READY MEALS
986,"Beef stew/hotpot/hot pot, toddler meal (e.g. Heinz, Ella's kitchen)",5313,MANUFACTURED BEEF PRODUCTS INCLUDING READY MEALS
987,"Sweet and sour chicken with rice, toddler meal (e.g. Heinz)",2734,MANUFACTURED CHICKEN PRODUCTS INCL READY MEALS
988,"Vegetable risotto/paella, toddler meal (e.g. Hipp Organic, Little Angel)",8681,OTHER RICE INCLUDING HOMEMADE DISHES
989,Thiamin (Vitamin B1) (25mg),9500,"SINGLE VITS OR MINS NOT Folic acid, Fe, Ca, Vit C"
990,Thai curry sauce (e.g. red/green),8095,SAVOURY SAUCES PICKLES GRAVIES & CONDIMENTS
991,Thai fragrant rice,42,OTHER RICE INCLUDING HOMEMADE DISHES
992,Thai fragrant rice (uncooked),57,OTHER RICE INCLUDING HOMEMADE DISHES
993,Thai green chicken curry,8109,MANUFACTURED CHICKEN PRODUCTS INCL READY MEALS
994,"Therapeutic nutritional supplement  drink (e.g Ensure, Fortisip)",9799,NUTRITION POWDERS AND DRINKS
995,Thai vegetable curry,6774,OTHER VEGETABLES INCLUDING HOMEMADE DISHES
996,Thiamine (Vitamin B1) (100mg),9500,"SINGLE VITS OR MINS NOT Folic acid, Fe, Ca, Vit C"
997,"Beef lasagne, toddler meal (e.g. Little Dish, Hipp Organic)",1347,MANUFACTURED BEEF PRODUCTS INCLUDING READY MEALS
998,"Spaghetti/pasta bolognese, toddler meal (e.g. Heinz, Cow & Gate)",9245,MANUFACTURED BEEF PRODUCTS INCLUDING READY MEALS
999,"Tomato and cheese pasta, toddler meal (e.g. Heinz, Little Dish)",8128,PASTA MANUFACTURED PRODUCTS & READY MEALS
1000,Tomato and cheese based pasta sauce,10311,SAVOURY SAUCES PICKLES GRAVIES & CONDIMENTS
1001,"Tomato based pasta sauce, with vegetables",3997,SAVOURY SAUCES PICKLES GRAVIES & CONDIMENTS
1002,"Tomato based pasta sauce, home made",3908,SAVOURY SAUCES PICKLES GRAVIES & CONDIMENTS
1003,"Tomatoes, canned (pureed)",11354,TOMATOES NOT RAW
1004,"Toddler cereal bar (e.g. Organix carrot cake cereal bar, Kiddylicious crispy sticks)",10181,COMMERCIAL TODDLERS FOODS
1005,Toddler corn snacks (e.g. organix carrot sticks and tomato stars),10308,COMMERCIAL TODDLERS FOODS
1006,Toffifee,7964,CHOCOLATE CONFECTIONERY
1007,"Tomato, fried in butter",1933,TOMATOES NOT RAW
1008,"Tomato, fried in olive oil",9352,TOMATOES NOT RAW
1009,"Tomato, fried in animal fat (e.g. lard, dripping)",1933,TOMATOES NOT RAW
1010,"Tomato, fresh (pureed)",11355,TOMATOES NOT RAW
1011,"Toast, gluten free white bread",8394,OTHER BREAD
1012,"Toast, gluten free wholemeal (brown) bread",10459,OTHER BREAD
1013,"Toast, Hovis Best of Both bread",10776,BROWN GRANARY AND WHEATGERM BREAD
1014,Toad in the hole,10470,READY MEALS BASED ON SAUSAGES
1015,"Tomato soup (without cream), carton",7927,SOUP MANUFACTURED/ RETAIL
1016,"Toast, milk bread/roll, white",128,WHITE BREAD (NOT HIGH FIBRE; NOT MULTISEED BREAD)
1017,"Toast, multiseed wholemeal bread",10204,WHOLEMEAL BREAD
1018,"Toast, multiseed white bread",10203,BROWN GRANARY AND WHEATGERM BREAD
1019,"Toast, oatmeal bread",7617,OTHER BREAD
1020,Tomato puree,2683,SAVOURY SAUCES PICKLES GRAVIES & CONDIMENTS
1021,"Toast, rye bread",115,OTHER BREAD
1022,"Toast, slimmers bread, wholemeal (brown) (e.g. Nimble)",7614,WHOLEMEAL BREAD
1023,"Toast, slimmers bread, white (e.g Danish white)",129,WHITE BREAD (NOT HIGH FIBRE; NOT MULTISEED BREAD)
1024,"Toast, soya & linseed bread",6745,OTHER BREAD
1025,"Tenderstem broccoli, cooked",11109,LEAFY GREEN VEGETABLES NOT RAW
1026,Tuna and cucumber sub roll/baguette,11489,SANDWICHES
1027,Tuna and sweetcorn wrap,11449,SANDWICHES
1028,"Turkey breast, fried",5292,OTHER CHICKEN / TURKEY INCL HOMEMADE RECIPE DISHES
1029,Roast/grilled turkey breast,5296,OTHER CHICKEN / TURKEY INCL HOMEMADE RECIPE DISHES
1030,"Turkey, breast, uncooked",1063,OTHER CHICKEN / TURKEY INCL HOMEMADE RECIPE DISHES
1031,"Turkey burger/escalope, breaded/coated, fried (no bun)",9597,MANUFACTURED COATED CHICKEN / TURKEY PRODUCTS
1032,"Turkey burger, uncooked",1380,MANUFACTURED COATED CHICKEN / TURKEY PRODUCTS
1033,Roast/grilled turkey drumstick/wing,1146,OTHER CHICKEN / TURKEY INCL HOMEMADE RECIPE DISHES
1034,Tuna fishcake,6834,MANUFACTURED CANNED TUNA PRODUCTS INCL READY MEALS
1035,"Tuna, fresh, uncooked",9936,OTHER WHITE FISH INCLUDING HOMEMADE DISHES
1036,Tuna mayo sandwich with wholemeal/oatmeal bread,11427,SANDWICHES
1037,"Tuna mayonnaise, shop-bought",8099,MANUFACTURED CANNED TUNA PRODUCTS INCL READY MEALS
1038,Tuna mayo & cucumber/sweetcorn sandwich with white/malted bread,11569,SANDWICHES
1039,Tuna salad,11549,MANUFACTURED CANNED TUNA PRODUCTS INCL READY MEALS
1040,Tuna mayo & cucumber/sweetcorn sandwich with wholemeal/oatmeal bread,11570,SANDWICHES
1041,Tuna pasta salad,5694,OTHER CANNED TUNA INCLUDING HOMEMADE DISHES
1042,Turnip puree,11371,OTHER VEGETABLES INCLUDING HOMEMADE DISHES
1043,"Turnip, raw",1940,SALAD AND OTHER RAW VEGETABLES
1044,Roast turkey (skin not eaten),1146,OTHER CHICKEN / TURKEY INCL HOMEMADE RECIPE DISHES
1045,Roast turkey (skin eaten),1146,OTHER CHICKEN / TURKEY INCL HOMEMADE RECIPE DISHES
1046,Turkey stir fry (meat and vegetables),6895,OTHER CHICKEN / TURKEY INCL HOMEMADE RECIPE DISHES
1047,"Tuna steak, fried",4028,OTHER WHITE FISH INCLUDING HOMEMADE DISHES
1048,Vitamin C (1000mg),9342,VITAMIN C ONLY
1049,Vitamin C (200mg),9301,VITAMIN C ONLY
1050,Vitamin C (500mg),9298,VITAMIN C ONLY
1051,"Vegetable bake, homemade",8588,OTHER VEGETABLES INCLUDING HOMEMADE DISHES
1052,Vegetable baking fat (e.g. Cookeen),854,OTHER COOKING FATS AND OILS NOT PUFA
1053,"Vegetable bake, ready meal",8588,OTHER VEGETABLES INCLUDING HOMEMADE DISHES
1054,Veda bread,114,OTHER BREAD
1055,"Vegetable burger in a bun, takeaway (e.g. McDonald's, Burger King)",10068,MEAT ALTERNATIVES INCL READY MEALS & HOMEMADE DISH
1056,"Vegetarian chicken-style burger/fillet in breadcrumbs (e.g. Quorn), no bun",8055,MEAT ALTERNATIVES INCL READY MEALS & HOMEMADE DISH
1057,Vegetarian crispbakes (e.g. cheese & onion),4121,OTHER MANUFACTURED VEGETABLE PRODUCTS INCL RM
1058,"Vegetable curry, canned",3238,OTHER MANUFACTURED VEGETABLE PRODUCTS INCL RM
1059,"Veal cutlet, uncooked",1044,OTHER BEEF & VEAL INCLUDING HOMEMADE RECIPE DISHES
1060,Vegetable fried rice,5134,OTHER RICE INCLUDING HOMEMADE DISHES
1061,"Vegetable pizza, stuffed crust",10028,PIZZA
1062,Vegetable grills,7137,OTHER MANUFACTURED VEGETABLE PRODUCTS INCL RM
1063,Veal in a white/cream sauce,1054,OTHER BEEF & VEAL INCLUDING HOMEMADE RECIPE DISHES
1064,"Vegetarian mince, soya-based (NOT Quorn)",1376,MEAT ALTERNATIVES INCL READY MEALS & HOMEMADE DISH
1065,"Vegetarian mince (not quorn), frozen, uncooked",3989,MEAT ALTERNATIVES INCL READY MEALS & HOMEMADE DISH
1066,"Vegetarian mince (soya), granules, dried, uncooked",1371,MEAT ALTERNATIVES INCL READY MEALS & HOMEMADE DISH
1067,"Veal mince, stewed",942,OTHER BEEF & VEAL INCLUDING HOMEMADE RECIPE DISHES
1068,Vegetable pasta salad,9099,PASTA MANUFACTURED PRODUCTS & READY MEALS
1069,"Vegetarian pie/pasty, cheese & vegetables",6687,OTHER MANUFACTURED VEGETABLE PRODUCTS INCL RM
1070,"Vegetable pizza, stuffed crust, takeaway/restaurant",10028,PIZZA
1071,"Vegetable pizza, takeaway/restaurant",11511,PIZZA
1072,Vegetable curry bhaji,6770,OTHER VEGETABLES INCLUDING HOMEMADE DISHES
1073,"Vegetable ravioli (filled pasta) in tomato sauce, canned",39,PASTA MANUFACTURED PRODUCTS & READY MEALS
1074,Vegetable rice,4100,OTHER MANUFACTURED VEGETABLE PRODUCTS INCL RM
1075,"Vegetarian sausage, cheese based",8462,MEAT ALTERNATIVES INCL READY MEALS & HOMEMADE DISH
1076,"Vegetarian rolls, cheese based (e.g. Higgidy feta and red pepper rolls)",7858,OTHER VEGETABLES INCLUDING HOMEMADE DISHES
1077,"Vegetable soup, dry/packet mix",9376,SOUP MANUFACTURED/ RETAIL
1078,"Veal, stewed in gravy",971,OTHER BEEF & VEAL INCLUDING HOMEMADE RECIPE DISHES
1079,Vegetable suet,8824,OTHER COOKING FATS AND OILS NOT PUFA
1080,"Venison, uncooked",1166,OTHER MEAT INCLUDING HOMEMADE RECIPE DISHES
1081,Vegetable vol au vent,4045,OTHER VEGETABLES INCLUDING HOMEMADE DISHES
1082,Vegetable chilli,8287,OTHER MANUFACTURED VEGETABLE PRODUCTS INCL RM
1083,Vegetable smoothie,10534,SMOOTHIES 100% FRUIT AND/OR JUICE
1084,"Vitamin A, high strength (2400ug)",2830,"SINGLE VITS OR MINS NOT Folic acid, Fe, Ca, Vit C"
1085,Vitamin B6 (100mg),3795,"SINGLE VITS OR MINS NOT Folic acid, Fe, Ca, Vit C"
1086,Vitamin B6 (10mg),3151,"SINGLE VITS OR MINS NOT Folic acid, Fe, Ca, Vit C"
1087,Vitamin B6 (20mg),5960,"SINGLE VITS OR MINS NOT Folic acid, Fe, Ca, Vit C"
1088,Vitamin B6 (50mg),9749,"SINGLE VITS OR MINS NOT Folic acid, Fe, Ca, Vit C"
1089,"Vitamin B complex, high strength (e.g. Super B complex)",10438,VITAMINS (TWO OR MORE INCL MULTIVITS) NO MINERALS
1090,Vitamin B complex,10084,VITAMINS (TWO OR MORE INCL MULTIVITS) NO MINERALS
1091,Vitamin C (110mg) plus zinc (15mg),10092,VITAMINS AND MINERALS (INCL MULTIVITS & MINERALS)
1092,Vintage cider,6999,CIDER AND PERRY
1093,Vitamin D 1000 IU (25ug),10858,"SINGLE VITS OR MINS NOT Folic acid, Fe, Ca, Vit C"
1094,Vitamin D 400IU (10ug),4051,"SINGLE VITS OR MINS NOT Folic acid, Fe, Ca, Vit C"
1095,"Vitamin D, high strength, 10,000IU (250ug)",11132,"SINGLE VITS OR MINS NOT Folic acid, Fe, Ca, Vit C"
1096,Vitamin E (10mg),9790,"SINGLE VITS OR MINS NOT Folic acid, Fe, Ca, Vit C"
1097,Vitamin E 400IU (268mg),10163,"SINGLE VITS OR MINS NOT Folic acid, Fe, Ca, Vit C"
1098,Vitalite Dairy free spread/margarine,10045,REDUCED FAT SPREAD (POLYUNSATURATED)
1099,Warburtons gluten free white bread,11266,OTHER BREAD
1100,Watercress puree,30022,SALAD AND OTHER RAW VEGETABLES
1101,Watermelon puree,11358,OTHER FRUIT NOT CANNED
1102,Water to dilute dried infant foods,10601,COMMERCIAL TODDLERS FOODS
1103,Water used to make up dried milk,5105,OTHER MILK
1104,Welsh cake,7692,BUNS CAKES & PASTRIES HOMEMADE
1105,"Welsh rarebit, on wholemeal (brown) toast",7773,OTHER CEREALS
1106,Wheatgerm,6,OTHER CEREALS
1107,White basmati rice (uncooked),57,OTHER RICE INCLUDING HOMEMADE DISHES
1108,"Whelks, boiled",1588,OTHER SHELLFISH INCLUDING HOMEMADE DISHES
1109,Wheat bran,7,OTHER CEREALS
1110,White fish in a cheese sauce (with or without vegetables),1638,OTHER WHITE FISH INCLUDING HOMEMADE DISHES
1111,"Whiting in breadcrumb, fried",9263,WHITE FISH COATED OR FRIED
1112,"Hot milk, whole",698,WHOLE MILK
1113,"Whole milk, dried",9218,WHOLE MILK
1114,"Whole milk, fortified (e.g. Big Arla)",11306,WHOLE MILK
1115,Wholemeal pastry (savoury),405,BUNS CAKES & PASTRIES HOMEMADE
1116,"Wholemeal pastry, uncooked",399,BUNS CAKES & PASTRIES HOMEMADE
1117,"Wholewheat spaghetti in tomato sauce, canned",41,PASTA MANUFACTURED PRODUCTS & READY MEALS
1118,White wine sauce,8579,SAVOURY SAUCES PICKLES GRAVIES & CONDIMENTS
1119,"Winkles, boiled",1590,OTHER SHELLFISH INCLUDING HOMEMADE DISHES
1120,Wine or sherry used in cooking (e.g. stews),2682,WINE
1121,Wild rice (uncooked),48,OTHER RICE INCLUDING HOMEMADE DISHES
1122,"Women's multivitamin and mineral supplement (e.g wellwoman, vitabiotics)",10860,VITAMINS AND MINERALS (INCL MULTIVITS & MINERALS)
1123,"Yakult, light",6829,YOGURT
1124,"Yeast, compressed",2529,SAVOURY SAUCES PICKLES GRAVIES & CONDIMENTS
1125,"Greek style yoghurt, fruit/honey",9142,YOGURT
1126,Yoghurt Lolly (e.g. Yoo Moo),7757,ICE CREAM
1127,"Low fat yoghurt, with muesli",704,YOGURT
1128,Zinc (15mg),6841,"SINGLE VITS OR MINS NOT Folic acid, Fe, Ca, Vit C"
1129,Zinc (15mg) & copper (0.75mg),10485,MINERALS (TWO OR MORE INCL MULTIVITS & MINERALS)
1130,Dumplings (containing suet/vegetable suet),5386,OTHER CEREALS
1131,"Almond milk/drink, sweetened (e.g. Alpro)",10898,OTHER MILK
1132,"Almond milk/drink, flavoured (e.g. Alpro chocolate)",11239,OTHER MILK
1133,"Beef burger/hamburger (including gourmet), in a bun, not quarter pounder (restaurant/pub)",1330,BURGERS AND KEBABS PURCHASED
1134,"Beef burger/hamburger, in a bun, quarter pounder (homemade)",11601,OTHER BEEF & VEAL INCLUDING HOMEMADE RECIPE DISHES
1135,"Beef burger/hamburger (including gourmet), in a bun, quarter pounder (restaurant/pub)",1330,BURGERS AND KEBABS PURCHASED
1136,"Bacon cheeseburger (including gourmet), in a bun (restaurant/pub)",10066,BURGERS AND KEBABS PURCHASED
1137,Beef kebab (meat only),970,OTHER BEEF & VEAL INCLUDING HOMEMADE RECIPE DISHES
1138,Burger King Bacon Double XL Cheeseburger,10066,BURGERS AND KEBABS PURCHASED
1139,Bacon roll / bap,11461,SANDWICHES
1140,"Beef chow mein, stir fry (with noodles), takeaway",1317,OTHER BEEF & VEAL INCLUDING HOMEMADE RECIPE DISHES
1141,Cadbury Dairy Milk Caramel Chocolate,2256,CHOCOLATE CONFECTIONERY
1142,Chicken burger (including gourmet) in a bun with lettuce and mayo (restaurant/pub),5262,MANUFACTURED COATED CHICKEN / TURKEY PRODUCTS
1143,Chinese chicken curry,9731,OTHER CHICKEN / TURKEY INCL HOMEMADE RECIPE DISHES
1144,"Chinese chicken curry, takeaway",5290,OTHER CHICKEN / TURKEY INCL HOMEMADE RECIPE DISHES
1145,Crunchy oat cereal (granola) with fruit and nuts,11534,HIGH FIBRE BREAKFAST CEREALS
1146,"Chicken chow mein, stir fry (with noodles), takeaway",1367,OTHER CHICKEN / TURKEY INCL HOMEMADE RECIPE DISHES
1147,"Cheeseburger (including gourmet), in a bun, quarter pounder (restaurant/pub)",1339,BURGERS AND KEBABS PURCHASED
1148,"Chicken/turkey kebab (meat, pitta and salad)",1344,BURGERS AND KEBABS PURCHASED
1149,"Chocolate mousse, rich/luxury type (e.g. Bonne Maman, Gu)",7709,FROMAGE FRAIS AND DAIRY DESSERTS MANUFACTURED
1150,"Chicken/turkey sausage, fried",1157,OTHER SAUSAGES INCLUDING HOMEMADE DISHES
1151,"Coca-Cola/Coke/Pepsi, supermarket brands",11594,SOFT DRINKS NOT LOW CALORIE CARBONATED
1152,"Coconut milk/drink, unsweetened (e.g. Alpro)",10836,OTHER MILK
1153,"Chicken pie, gravy based, slice from a large pie",1119,HOMEMADE MEAT PIES AND PASTRIES
1154,"Chocolate squares/pillows, breakfast cereal, supermarket brands",10872,OTHER BREAKFAST CEREALS (NOT HIGH FIBRE)
1155,"Dairy free / vegan ice cream, oat/nut/coconut-based (e.g. Ben & Jerry’s)",9053,ICE CREAM
1156,"Flatbread / flat bread, plain",6838,WHITE BREAD (NOT HIGH FIBRE; NOT MULTISEED BREAD)
1157,"Follow on baby milk/ formula (6-12 months) e.g. Aptamil 2, Cow & Gate 2",10607,INFANT FORMULA
1158,Gingerbread man,263,BISCUITS MANUFACTURED / RETAIL
1159,Ginsters cornish pasty,1299,MANUFACTURED MEAT PIES AND PASTRIES
1160,"Crunchy oat cereal (granola), no added sugar",8156,HIGH FIBRE BREAKFAST CEREALS
1161,"Crunchy oat cereal (granola), low sugar",8156,HIGH FIBRE BREAKFAST CEREALS
1162,"Halwa/halva, sweet/dessert made with semolina/sesame/tahini",2280,SUGAR CONFECTIONERY
1163,"Hazelnut milk/drink, flavoured (e.g. Alpro chocolate)",11239,OTHER MILK
1164,"Hazelnut milk/drink, unsweetened (e.g. Alpro)",11229,OTHER MILK
1165,"Hazelnut milk/drink, sweetened (e.g. Alpro)",10898,OTHER MILK
1166,"Lamb kebab (meat, pitta and salad)",5930,OTHER LAMB INCLUDING HOMEMADE RECIPE DISHES
1167,Madeira/marble cake,349,BUNS CAKES & PASTRIES MANUFACTURED
1168,McDonald's Spicy Veggie Wrap,11486,SANDWICHES
1169,Mixed meat kebab (meat only),1009,OTHER LAMB INCLUDING HOMEMADE RECIPE DISHES
1170,Mozzarella dippers / sticks,6259,OTHER CHEESE
1171,"Oat milk/drink, flavoured (e.g. Alpro chocolate)",10159,OTHER MILK
1172,Pectin (capsule),11321,NUTRITION POWDERS AND DRINKS
1173,"Pork Chow mein, stir fry (with noodles), takeaway",10845,OTHER PORK INCLUDING HOMEMADE RECIPE DISHES
1174,Vitabiotics Pregnacare max,10083,VITAMINS AND MINERALS (INCL MULTIVITS & MINERALS)
1175,Psyllium husk,20044,OTHER CEREALS
1176,"Pasta/spaghetti and meatballs (including pasta bake), ready meal",9245,MANUFACTURED BEEF PRODUCTS INCLUDING READY MEALS
1177,"Pasta/spaghetti and meatballs (including pasta bake), homemade",11506,OTHER BEEF & VEAL INCLUDING HOMEMADE RECIPE DISHES
1178,"Pea milk/drink, unsweetened (e.g. Mighty pea M.LK)",650,OTHER MILK
1179,"Pea milk/drink, sweetened (e.g. Mighty pea M.LK)",8512,OTHER MILK
1180,Pork kebabs (meat only),9451,OTHER PORK INCLUDING HOMEMADE RECIPE DISHES
1181,"Prawn chow mein, stir fry (with noodles), takeaway",1642,OTHER SHELLFISH INCLUDING HOMEMADE DISHES
1182,Vitabiotics Pregnacare plus,10083,VITAMINS AND MINERALS (INCL MULTIVITS & MINERALS)
1183,"Plant/vegan based sandwich including beans, vegetables and salad",11486,SANDWICHES
1184,Quorn Peppered Steaks,8108,MEAT ALTERNATIVES INCL READY MEALS & HOMEMADE DISH
1185,Paratha stuffed with potato (Aloo Paratha),9054,WHITE BREAD (NOT HIGH FIBRE; NOT MULTISEED BREAD)
1186,"Vegetarian meat-style burger, soya-based (e.g. Linda McCartney), no bun",5447,MEAT ALTERNATIVES INCL READY MEALS & HOMEMADE DISH
1187,"Vegetarian meatballs, soya-based (e.g. Linda McCartney)",7189,MEAT ALTERNATIVES INCL READY MEALS & HOMEMADE DISH
1188,"Soya-based toddler/ growing up milk (1-3 years), e.g. Alpro Junior",10622,INFANT FORMULA
1189,"Special Flakes, with berries/fruit, supermarket brands",11071,OTHER BREAKFAST CEREALS (NOT HIGH FIBRE)
1190,"Sweet potato, baked/roasted, with oil",10553,OTHER VEGETABLES INCLUDING HOMEMADE DISHES
1191,"Tofu/soya bean stir fry, including vegetables (with noodles)",10153,OTHER VEGETABLES INCLUDING HOMEMADE DISHES
1192,Utterly Butterly,11074,REDUCED FAT SPREAD (NOT POLYUNSATURATED)
1193,Utterly Butterly lighter,10047,LOW FAT SPREAD NOT POLYUNSATURATED
1194,"Vegetable chow mein, stir fry (with noodles), takeaway",10153,OTHER VEGETABLES INCLUDING HOMEMADE DISHES
1195,Viennese whirls (e.g. Mr Kipling),5970,BISCUITS MANUFACTURED / RETAIL
1196,"Belvita breakfast biscuits, Duo Crunch",10584,BISCUITS MANUFACTURED / RETAIL
1197,"Cheeseburger (including gourmet), in a bun, not quarter pounder (restaurant/pub)",1333,BURGERS AND KEBABS PURCHASED
1198,"Coconut-based yoghurt, Greek style, e.g.Oykos dairy free, Alpro",7741,YOGURT
1199,"Coconut-based yoghurt, fruit, e.g. The Coconut Collaborative",701,YOGURT
1200,"Coconut-based yoghurt, natural, e.g.The Coconut Collaborative, Koko",702,YOGURT
1201,Hunters chicken,5100,OTHER CHICKEN / TURKEY INCL HOMEMADE RECIPE DISHES
1202,I can't believe it's not butter,3890,REDUCED FAT SPREAD (NOT POLYUNSATURATED)
1203,I can't believe it's not butter light,10047,LOW FAT SPREAD NOT POLYUNSATURATED
1204,"Kefir yoghurt, flavoured (e.g. mango and passionfruit, strawberry)",701,YOGURT
1205,Kimchi,1912,OTHER VEGETABLES INCLUDING HOMEMADE DISHES
1206,"Kefir yoghurt, natural",702,YOGURT
1207,"Oat-based yoghurt, fruit, e.g.Oatly Oatgurt, Alpro",701,YOGURT
1208,"Oat-based yoghurt, Greek style, e.g.Oatly Oatgurt, Alpro",7741,YOGURT
1209,"Oat-based yoghurt, natural, e.g.Oatly plain Oatgurt",702,YOGURT
1210,"Milk, cow’s/dairy, type unknown",11517,SEMI SKIMMED MILK
1211,"Apple and mango juice, 100% juice",2319,FRUIT JUICE
1212,"Short, sweet biscuit (e.g. nice, malted milk)",270,BISCUITS MANUFACTURED / RETAIL
1213,Apple Crumble,502,OTHER CEREAL BASED PUDDINGS - HOMEMADE
1214,"Aduki beans, canned",10968,BEANS AND PULSES INCL READY MEAL & HOMEMADE DISHES
1215,Aero mousse,7710,FROMAGE FRAIS AND DAIRY DESSERTS MANUFACTURED
1216,Wispa bar (including supermarket equivalent),2278,CHOCOLATE CONFECTIONERY
1217,Agave syrup/nectar,2214,PRESERVES
1218,Sparkling apple juice drink (e.g. tango apple),2320,SOFT DRINKS NOT LOW CALORIE CARBONATED
1219,Baked alaska,6113,SPONGE PUDDINGS - MANUFACTURED
1220,"Nut butter, not peanut (e.g. almond, cashew)",8297,NUTS AND SEEDS
1221,Alfalfa sprouts,1947,SALAD AND OTHER RAW VEGETABLES
1222,"Alcopop, not spirit based (e.g. Hooch, WKD)",5142,ALCOHOLIC SOFT DRINKS
1223,All bran (including supermarket brands),201,HIGH FIBRE BREAKFAST CEREALS
1224,Allspice,2528,SAVOURY SAUCES PICKLES GRAVIES & CONDIMENTS
1225,Almonds,2169,NUTS AND SEEDS
1226,"Almond milk/drink, unsweetened (e.g. Alpro)",11229,OTHER MILK
1227,Aloe vera juice,6065,NON-NUTRIENT SUPPLEMENTS (INCL HERBAL)
1228,"Soya yoghurt, with fruit (e.g. Alpro Soya)",9115,YOGURT
1229,Alcoholic soft drink (e.g. Crabbies ginger beer),5142,ALCOHOLIC SOFT DRINKS
1230,Almond slices (e.g. Mr Kipling),4042,BUNS CAKES & PASTRIES MANUFACTURED
1231,Amaretti biscuits,348,BISCUITS MANUFACTURED / RETAIL
1232,Anchovies,1593,MANUFACTURED OILY FISH PRODUCTS INCL READY MEALS
1233,Angel cake,375,BUNS CAKES & PASTRIES MANUFACTURED
1234,"Sponge cake with buttercream filling, iced (e.g. birthday cake)",5534,BUNS CAKES & PASTRIES HOMEMADE
1235,"Apple and blackcurrant squash / juice, no added sugar, diluted",11577,SOFT DRINKS LOW CALORIE CONCENTRATED
1236,Aperitif (e.g. Martini),2394,FORTIFIED WINE
1237,"Apple juice, 100% juice",2319,FRUIT JUICE
1238,"Alcopop, spirit based (e.g. Bacardi Breezer)",5396,ALCOHOLIC SOFT DRINKS
1239,"Apricots, canned in syrup",1973,CANNED FRUIT IN SYRUP
1240,Dried apricots (including ready to eat),8547,OTHER FRUIT NOT CANNED
1241,"Apricots, canned in juice",1974,CANNED FRUIT IN JUICE
1242,Apple sauce,2159,APPLES AND PEARS NOT CANNED
1243,"Stewed apple, no added sugar",1958,APPLES AND PEARS NOT CANNED
1244,Artic roll,570,ICE CREAM
1245,White rice (uncooked),57,OTHER RICE INCLUDING HOMEMADE DISHES
1246,Arrowroot powder,1,OTHER CEREALS
1247,"Artichoke, cooked",1652,OTHER VEGETABLES INCLUDING HOMEMADE DISHES
1248,"Asparagus, cooked",1656,OTHER VEGETABLES INCLUDING HOMEMADE DISHES
1249,"Aubergine, cooked",8471,OTHER VEGETABLES INCLUDING HOMEMADE DISHES
1250,Aubergine parmigiana / Aubergine bake,8783,OTHER VEGETABLES INCLUDING HOMEMADE DISHES
1251,"Aubergine, fried",1659,OTHER VEGETABLES INCLUDING HOMEMADE DISHES
1252,Avocado,1976,OTHER FRUIT NOT CANNED
1253,Bacon burger (no bun),9873,OTHER PORK INCLUDING HOMEMADE RECIPE DISHES
1254,Babybel cheese,11400,OTHER CHEESE
1255,Basil,9228,SAVOURY SAUCES PICKLES GRAVIES & CONDIMENTS
1256,Bacon and egg pie,1304,MANUFACTURED MEAT PIES AND PASTRIES
1257,"Bagel, seeded",8143,BROWN GRANARY AND WHEATGERM BREAD
1258,Baking powder,2502,SAVOURY SAUCES PICKLES GRAVIES & CONDIMENTS
1259,Greek pastry (e.g. baklava),4556,BUNS CAKES & PASTRIES MANUFACTURED
1260,Bamboo shoots,1661,OTHER VEGETABLES INCLUDING HOMEMADE DISHES
1261,Banana,1977,BANANAS
1262,Banoffee pie,6965,OTHER CEREAL BASED PUDDINGS - MANUFACTURED
1263,"Muffin, not chocolate (e.g. blueberry)",3987,BUNS CAKES & PASTRIES MANUFACTURED
1264,"Basil, fresh",9223,SALAD AND OTHER RAW VEGETABLES
1265,"Vegetable soup, with pulses",2490,SOUP HOMEMADE
1266,Baked beans,1662,BAKED BEANS
1267,"Beef burger, grilled (no bun)",8266,BURGERS AND KEBABS PURCHASED
1268,"Broad beans, cooked from frozen",1668,BEANS AND PULSES INCL READY MEAL & HOMEMADE DISHES
1269,"Beer, best bitter (e.g. Whitbread, Tetley's)",8336,BEERS AND LAGERS
1270,Bread and butter pudding,507,OTHER CEREAL BASED PUDDINGS - HOMEMADE
1271,BBQ sauce,2409,SAVOURY SAUCES PICKLES GRAVIES & CONDIMENTS
1272,Baked beans and sausages,1240,BAKED BEANS
1273,"Baked beans, reduced sugar",2646,BAKED BEANS
1274,Beef burrito,3731,MANUFACTURED BEEF PRODUCTS INCLUDING READY MEALS
1275,Bacon and cheese grills,10263,READY MEALS / MEAL CENTRES BASED ON BACON AND HAM
1276,Bacon sandwich with white/malted bread,11461,SANDWICHES
1277,"Cod/haddock in batter, from takeaway",1415,WHITE FISH COATED OR FRIED
1278,Beef curry with a cream or coconut sauce,1328,OTHER BEEF & VEAL INCLUDING HOMEMADE RECIPE DISHES
1279,Baked potato crisps (e.g. Walkers),10003,CRISPS AND SAVOURY SNACKS
1280,Duck egg,784,OTHER EGGS AND EGG DISHES INCLUDING HOMEMADE
1281,Boiled sweets (e.g. barley sugar),2251,SUGAR CONFECTIONERY
1282,Bean salad with an oil-based/French type dressing,9284,BEANS AND PULSES INCL READY MEAL & HOMEMADE DISHES
1283,"Beansprouts, canned",1689,OTHER VEGETABLES INCLUDING HOMEMADE DISHES
1284,"Black eyed beans, dried",9201,BEANS AND PULSES INCL READY MEAL & HOMEMADE DISHES
1285,Beef bourguignon,5732,OTHER BEEF & VEAL INCLUDING HOMEMADE RECIPE DISHES
1286,Bean burger (no bun),9282,BEANS AND PULSES INCL READY MEAL & HOMEMADE DISHES
1287,Beef cannelloni,1324,MANUFACTURED BEEF PRODUCTS INCLUDING READY MEALS
1288,Minced beef crispy pancake (e.g. Findus crispy pancakes),8644,MANUFACTURED BEEF PRODUCTS INCLUDING READY MEALS
1289,"Beef fillet steak, fried",9418,OTHER BEEF & VEAL INCLUDING HOMEMADE RECIPE DISHES
1290,"Beef fillet steak, grilled",9419,OTHER BEEF & VEAL INCLUDING HOMEMADE RECIPE DISHES
1291,Boiled egg,755,OTHER EGGS AND EGG DISHES INCLUDING HOMEMADE
1292,"Boiled egg, white only",786,OTHER EGGS AND EGG DISHES INCLUDING HOMEMADE
1293,"Boiled egg, yolk only",785,OTHER EGGS AND EGG DISHES INCLUDING HOMEMADE
1294,Belgian bun,8125,BUNS CAKES & PASTRIES MANUFACTURED
1295,Belvita breakfast biscuits,10584,BISCUITS MANUFACTURED / RETAIL
1296,Beef enchilada,3731,MANUFACTURED BEEF PRODUCTS INCLUDING READY MEALS
1297,"Beef joint, uncooked (fat removed)",9482,OTHER BEEF & VEAL INCLUDING HOMEMADE RECIPE DISHES
1298,Bechamel (white) sauce,3026,SAVOURY SAUCES PICKLES GRAVIES & CONDIMENTS
1299,"Beef balti, curry",6262,OTHER BEEF & VEAL INCLUDING HOMEMADE RECIPE DISHES
1300,"Beef bhuna, curry",6262,OTHER BEEF & VEAL INCLUDING HOMEMADE RECIPE DISHES
1301,Beef casserole,5385,OTHER BEEF & VEAL INCLUDING HOMEMADE RECIPE DISHES
1302,"Beef chow mein, stir fry (with noodles)",1317,OTHER BEEF & VEAL INCLUDING HOMEMADE RECIPE DISHES
1303,"Beef curry, in a tomato-based sauce, homemade",2810,OTHER BEEF & VEAL INCLUDING HOMEMADE RECIPE DISHES
1304,"Beef dhansak, curry",1319,OTHER BEEF & VEAL INCLUDING HOMEMADE RECIPE DISHES
1305,Beef hot pot/hotpot,5385,OTHER BEEF & VEAL INCLUDING HOMEMADE RECIPE DISHES
1306,"Beef jalfrezi, curry",6262,OTHER BEEF & VEAL INCLUDING HOMEMADE RECIPE DISHES
1307,"Beef korma, curry",1328,OTHER BEEF & VEAL INCLUDING HOMEMADE RECIPE DISHES
1308,"Beef madras, curry",6262,OTHER BEEF & VEAL INCLUDING HOMEMADE RECIPE DISHES
1309,"Beef pasanda, curry",1328,OTHER BEEF & VEAL INCLUDING HOMEMADE RECIPE DISHES
1310,"Beef rogan josh, curry",6262,OTHER BEEF & VEAL INCLUDING HOMEMADE RECIPE DISHES
1311,Beef stir fry (meat and vegetables),5617,OTHER BEEF & VEAL INCLUDING HOMEMADE RECIPE DISHES
1312,Beef/frying steak,9427,OTHER BEEF & VEAL INCLUDING HOMEMADE RECIPE DISHES
1313,Beef stroganoff,9918,OTHER BEEF & VEAL INCLUDING HOMEMADE RECIPE DISHES
1314,Beef sandwich with white/malted bread,11474,SANDWICHES
1315,"Beef tikka masala, curry",6262,OTHER BEEF & VEAL INCLUDING HOMEMADE RECIPE DISHES
1316,Beef wellington,3369,HOMEMADE MEAT PIES AND PASTRIES
1317,"Beef burger, 100% beef, grilled (no bun)",8264,BURGERS AND KEBABS PURCHASED
1318,Bicarbonate of soda,2606,SAVOURY SAUCES PICKLES GRAVIES & CONDIMENTS
1319,Bitter lemon,8328,SOFT DRINKS NOT LOW CALORIE CARBONATED
1320,"Premium ice cream with chocolate/caramel/nuts/biscuit (e.g. Ben and Jerry's, Haagen-Dazs)",5155,ICE CREAM
1321,"Blackcurrant squash / juice, no added sugar, diluted",11577,SOFT DRINKS LOW CALORIE CONCENTRATED
1322,"Spring greens (cabbage), cooked",1705,LEAFY GREEN VEGETABLES NOT RAW
1323,Breakfast sandwich with white/malted bread,11482,SANDWICHES
1324,Blackberries,1985,OTHER FRUIT NOT CANNED
1325,Blanchmange,9636,CEREAL BASED MILK PUDDINGS - HOMEMADE
1326,"Blueberry juice drink, with added vitamin C (e.g. Ocean spray)",3846,SOFT DRINKS NOT LOW CALORIE RTD STILL
1327,Black bean sauce,9400,SAVOURY SAUCES PICKLES GRAVIES & CONDIMENTS
1328,Blackcurrants,2001,OTHER FRUIT NOT CANNED
1329,"Chocolate Orange, milk chocolate (e.g. Terry's)",2254,CHOCOLATE CONFECTIONERY
1330,Blood orange,2092,CITRUS FRUIT NOT CANNED
1331,"Beef lasagne, ready meal, reduced fat (e.g. Weight watchers)",3187,MANUFACTURED BEEF PRODUCTS INCLUDING READY MEALS
1332,BLT sandwich with white/malted bread,11472,SANDWICHES
1333,"Blue cheese (e.g. Stilton, Roquefort)",679,OTHER CHEESE
1334,Blueberries / bilberries,11115,OTHER FRUIT NOT CANNED
1335,"Minced beef, uncooked",940,OTHER BEEF & VEAL INCLUDING HOMEMADE RECIPE DISHES
1336,Breaded mushrooms,6847,OTHER VEGETABLES INCLUDING HOMEMADE DISHES
1337,McDonald's Big Mac burger,1340,BURGERS AND KEBABS PURCHASED
1338,Banana bread/cake,302,BUNS CAKES & PASTRIES HOMEMADE
1339,Butternut squash mash,3954,OTHER VEGETABLES INCLUDING HOMEMADE DISHES
1340,"Bacon, unsmoked, fried (including fat)",909,OTHER BACON AND HAM INCLUDING HOMEMADE DISHES
1341,"Bacon, back/middle, unsmoked, grilled (including fat)",914,OTHER BACON AND HAM INCLUDING HOMEMADE DISHES
1342,"Butternut squash, cooked/roasted without oil",3954,OTHER VEGETABLES INCLUDING HOMEMADE DISHES
1343,Bounty bar,2252,CHOCOLATE CONFECTIONERY
1344,Borlotti beans,10787,BEANS AND PULSES INCL READY MEAL & HOMEMADE DISHES
1345,"Bobotie, lamb curry",5592,OTHER LAMB INCLUDING HOMEMADE RECIPE DISHES
1346,"Red cabbage, cooked",1701,LEAFY GREEN VEGETABLES NOT RAW
1347,Bombay mix,2605,NUTS AND SEEDS
1348,Bombay aloo/potatoes,5376,OTHER POTATO PRODUCTS & DISHES - MANUFACTURED
1349,Boost bar,2252,CHOCOLATE CONFECTIONERY
1350,Plain/dark chocolate bar (e.g Bournville),2255,CHOCOLATE CONFECTIONERY
1351,Boursin cheese,2703,OTHER CHEESE
1352,Black pudding,1248,OTHER MEAT PRODUCTS MANUFACTURED INCL READY MEALS
1353,Black pepper,2518,SAVOURY SAUCES PICKLES GRAVIES & CONDIMENTS
1354,"Pitta bread, wholemeal (brown)",117,WHOLEMEAL BREAD
1355,Brandy butter,6891,SWEET SPREADS FILLINGS AND ICING
1356,"Breadfruit, canned",1990,CANNED FRUIT IN SYRUP
1357,Brown rice,49,OTHER RICE INCLUDING HOMEMADE DISHES
1358,"Broccoli, raw",1692,SALAD AND OTHER RAW VEGETABLES
1359,Broad beans,1666,BEANS AND PULSES INCL READY MEAL & HOMEMADE DISHES
1360,Bread sticks (e.g. Grissini),7649,BISCUITS MANUFACTURED / RETAIL
1361,"Breadcrumbs, dried",140,WHITE BREAD (NOT HIGH FIBRE; NOT MULTISEED BREAD)
1362,"Broccoli, steamed/microwaved",11110,LEAFY GREEN VEGETABLES NOT RAW
1363,"Bratwurst, fried",1279,OTHER SAUSAGES INCLUDING HOMEMADE DISHES
1364,"Bratwurst, grilled",1280,OTHER SAUSAGES INCLUDING HOMEMADE DISHES
1365,Brie cheese,691,OTHER CHEESE
1366,Roast/braised beef brisket/silverside,9415,OTHER BEEF & VEAL INCLUDING HOMEMADE RECIPE DISHES
1367,"Beef kebab (meat, pitta and salad)",1344,BURGERS AND KEBABS PURCHASED
1368,"Bacon, streaky, unsmoked, grilled",916,OTHER BACON AND HAM INCLUDING HOMEMADE DISHES
1369,Kellogg's Bran Flakes,202,HIGH FIBRE BREAKFAST CEREALS
1370,Bran Flakes with sultanas / Sultana Bran (including supermarket brands),7624,HIGH FIBRE BREAKFAST CEREALS
1371,"Broccoli, boiled",11109,LEAFY GREEN VEGETABLES NOT RAW
1372,Sweet pickle/chutney (e.g. Branston),2440,SAVOURY SAUCES PICKLES GRAVIES & CONDIMENTS
1373,Bread sauce,2411,SAVOURY SAUCES PICKLES GRAVIES & CONDIMENTS
1374,"Beef rump steak, fried",950,OTHER BEEF & VEAL INCLUDING HOMEMADE RECIPE DISHES
1375,"Beef rump steak, grilled",952,OTHER BEEF & VEAL INCLUDING HOMEMADE RECIPE DISHES
1376,Brandy snaps,3802,BISCUITS MANUFACTURED / RETAIL
1377,"Scotch broth (soup), canned",2494,SOUP MANUFACTURED/ RETAIL
1378,Brazil nuts,2175,NUTS AND SEEDS
1379,Biscotti,348,BISCUITS MANUFACTURED / RETAIL
1380,"Brussels sprouts, cooked",1696,LEAFY GREEN VEGETABLES NOT RAW
1381,"Brussels sprouts, cooked from frozen",1698,LEAFY GREEN VEGETABLES NOT RAW
1382,Brown sugar,9379,SUGAR
1383,"Beef bolognese sauce, home made",11554,OTHER BEEF & VEAL INCLUDING HOMEMADE RECIPE DISHES
1384,"Beansprouts, cooked",1689,OTHER VEGETABLES INCLUDING HOMEMADE DISHES
1385,"Sauce for bolognese, no meat (e.g. Ragu)",8358,SAVOURY SAUCES PICKLES GRAVIES & CONDIMENTS
1386,White basmati rice (including easy-cook),42,OTHER RICE INCLUDING HOMEMADE DISHES
1387,"Beef sirloin steak, fried",9425,OTHER BEEF & VEAL INCLUDING HOMEMADE RECIPE DISHES
1388,"Beef sirloin steak, grilled",9427,OTHER BEEF & VEAL INCLUDING HOMEMADE RECIPE DISHES
1389,"Pork Chow mein, stir fry (with noodles)",10845,OTHER PORK INCLUDING HOMEMADE RECIPE DISHES
1390,"Slimmers bread, wholemeal (brown) (e.g. Nimble)",7614,WHOLEMEAL BREAD
1391,"Butter beans, canned",1669,BEANS AND PULSES INCL READY MEAL & HOMEMADE DISHES
1392,"Beetroot, raw",1690,SALAD AND OTHER RAW VEGETABLES
1393,Tea,2315,TEA (MADE-UP WEIGHT)
1394,Battenberg cake (e.g. Mr Kipling),304,BUNS CAKES & PASTRIES MANUFACTURED
1395,All butter biscuits (e.g. Petit Beurre),8191,BISCUITS MANUFACTURED / RETAIL
1396,Beetroot salad with an oil-based/French type dressing,10403,OTHER MANUFACTURED VEGETABLE PRODUCTS INCL RM
1397,"Butter, salted",851,BUTTER
1398,"Butter, unsalted",852,BUTTER
1399,Bulgar wheat,7028,OTHER CEREALS
1400,"Cup cake/fairy cake, with icing",7687,BUNS CAKES & PASTRIES MANUFACTURED
1401,Vegetable soup,5607,SOUP HOMEMADE
1402,Almond croissants,8176,BUNS CAKES & PASTRIES MANUFACTURED
1403,Buckwheat,9715,OTHER CEREALS
1404,Bovril,2410,SAVOURY SAUCES PICKLES GRAVIES & CONDIMENTS
1405,"Brown sauce (e.g. HP, Daddies)",2412,SAVOURY SAUCES PICKLES GRAVIES & CONDIMENTS
1406,"Blackcurrants, stewed",2002,OTHER FRUIT NOT CANNED
1407,Chicken and bacon sandwich with white/malted bread,11491,SANDWICHES
1408,"Cherries, canned in syrup",1999,CANNED FRUIT IN SYRUP
1409,Caramel egg,10864,CHOCOLATE CONFECTIONERY
1410,"Cabbage, cooked from frozen",2617,LEAFY GREEN VEGETABLES NOT RAW
1411,"Gooseberries, canned",2602,CANNED FRUIT IN SYRUP
1412,Cheese and ham sandwich with white/malted bread,11451,SANDWICHES
1413,Mexican spices (e.g. cajun/taco seasoning),10531,SAVOURY SAUCES PICKLES GRAVIES & CONDIMENTS
1414,"Squid ring (calamari) coated, fried",10357,OTHER SHELLFISH INCLUDING HOMEMADE DISHES
1415,Calf liver,1179,LIVER AND DISHES
1416,"Chocolate coated wafer with cream or caramel filling  (e.g. Blue Ribband, caramel wafer)",8194,BISCUITS MANUFACTURED / RETAIL
1417,"Mango, canned",2079,CANNED FRUIT IN SYRUP
1418,Camembert cheese,652,OTHER CHEESE
1419,Cannellini beans,10791,BEANS AND PULSES INCL READY MEAL & HOMEMADE DISHES
1420,"Melon, canteloupe type",2081,OTHER FRUIT NOT CANNED
1421,"Vegetable based quiche (e.g. cheese & onion), reduced fat",3411,MANUFACTURED EGG PRODUCTS INCLUDING READY MEALS
1422,Celery soup,5607,SOUP HOMEMADE
1423,Cayenne pepper,9219,SAVOURY SAUCES PICKLES GRAVIES & CONDIMENTS
1424,"Plums, canned",2131,CANNED FRUIT IN SYRUP
1425,"Chicken and prawn paella, ready meal, reduced fat",3730,MANUFACTURED SHELLFISH PRODUCTS INCL READY MEALS
1426,"Redcurrants / whitecurrants, stewed",2006,OTHER FRUIT NOT CANNED
1427,Cardamom,10346,SAVOURY SAUCES PICKLES GRAVIES & CONDIMENTS
1428,"Carrots, fried",9664,CARROTS NOT RAW
1429,Carrot juice,2361,FRUIT JUICE
1430,Caraway seeds / fennel seeds,9224,SAVOURY SAUCES PICKLES GRAVIES & CONDIMENTS
1431,Carrot spaghetti,1711,CARROTS NOT RAW
1432,Caramel stroopwaffle,3204,OTHER CEREAL BASED PUDDINGS - HOMEMADE
1433,"Cassava, cooked",10472,OTHER VEGETABLES INCLUDING HOMEMADE DISHES
1434,Cappuccino coffee,10577,COFFEE (MADE-UP WEIGHT)
1435,Cappuccino coffee made with skimmed milk (skinny cappuccino),8048,COFFEE (MADE-UP WEIGHT)
1436,Carrot and swede mash,11602,OTHER VEGETABLES INCLUDING HOMEMADE DISHES
1437,"Cashew nuts, unsalted",2177,NUTS AND SEEDS
1438,Vegetable casserole/stew,8590,OTHER VEGETABLES INCLUDING HOMEMADE DISHES
1439,"Strawberries, canned",9495,OTHER FRUIT NOT CANNED
1440,"Chocolate coated cake bar, individual",5201,BUNS CAKES & PASTRIES MANUFACTURED
1441,Caviar,1594,OTHER WHITE FISH INCLUDING HOMEMADE DISHES
1442,Chicken burger in a bun with lettuce and mayo (homemade),11597,OTHER CHICKEN / TURKEY INCL HOMEMADE RECIPE DISHES
1443,"Cod in batter/breadcrumb, grilled or oven baked",1637,WHITE FISH COATED OR FRIED
1444,"Cod in batter/breadcrumb, fried",1411,WHITE FISH COATED OR FRIED
1445,"Chicken burger, breaded/coated, grilled (no bun)",2672,MANUFACTURED COATED CHICKEN / TURKEY PRODUCTS
1446,"Blackberries, canned",8496,CANNED FRUIT IN JUICE
1447,Carbonara pasta sauce,4000,SAVOURY SAUCES PICKLES GRAVIES & CONDIMENTS
1448,"Cheeseburger, in a bun, not quarter pounder (homemade)",11600,OTHER BEEF & VEAL INCLUDING HOMEMADE RECIPE DISHES
1449,Chicken burrito,11504,OTHER CHICKEN / TURKEY INCL HOMEMADE RECIPE DISHES
1450,"Continental lager / beer, around 5% abv (e.g. Grolsch/Peroni)",8342,BEERS AND LAGERS
1451,"Chicken balti, curry",6068,OTHER CHICKEN / TURKEY INCL HOMEMADE RECIPE DISHES
1452,"Butter chicken, curry",3467,OTHER CHICKEN / TURKEY INCL HOMEMADE RECIPE DISHES
1453,"Chicken bhuna, curry",6068,OTHER CHICKEN / TURKEY INCL HOMEMADE RECIPE DISHES
1454,"Swiss roll sponge, with fresh cream",379,BUNS CAKES & PASTRIES MANUFACTURED
1455,Pain au chocolat/chocolate croissant,8111,BUNS CAKES & PASTRIES MANUFACTURED
1456,"Chocolate dairy dessert, (e.g. Cadbury Buttons/Flake, Nestle Rolo)",10396,FROMAGE FRAIS AND DAIRY DESSERTS MANUFACTURED
1457,"Chicken dhansak, curry",5290,OTHER CHICKEN / TURKEY INCL HOMEMADE RECIPE DISHES
1458,"Flapjack, coated in chocolate/yoghurt",8160,BISCUITS MANUFACTURED / RETAIL
1459,Chilli chutney / pickle,2416,SAVOURY SAUCES PICKLES GRAVIES & CONDIMENTS
1460,"Cookie crisp/crunch cereal (including Nestle, supermarket brands)",8409,OTHER BREAKFAST CEREALS (NOT HIGH FIBRE)
1461,"Chicken jalfrezi, curry",5290,OTHER CHICKEN / TURKEY INCL HOMEMADE RECIPE DISHES
1462,"Chicken korma, curry",5582,OTHER CHICKEN / TURKEY INCL HOMEMADE RECIPE DISHES
1463,"Cottage cheese, fat-free/low-fat",11258,COTTAGE CHEESE
1464,"Chicken madras, curry",6068,OTHER CHICKEN / TURKEY INCL HOMEMADE RECIPE DISHES
1465,Cucumber,1740,SALAD AND OTHER RAW VEGETABLES
1466,Chocolate muffin,6597,BUNS CAKES & PASTRIES MANUFACTURED
1467,"Cup cake/fairy cake, without icing",8367,BUNS CAKES & PASTRIES MANUFACTURED
1468,Coconut milk (canned),8078,NUTS AND SEEDS
1469,Nuts covered in chocolate,7956,CHOCOLATE CONFECTIONERY
1470,"Chicken pasanda, curry",5582,OTHER CHICKEN / TURKEY INCL HOMEMADE RECIPE DISHES
1471,"Chicken rogan josh, curry",5932,OTHER CHICKEN / TURKEY INCL HOMEMADE RECIPE DISHES
1472,Cereal bar with fruit and nuts,11526,BISCUITS MANUFACTURED / RETAIL
1473,"Cream of chicken soup, canned",2463,SOUP MANUFACTURED/ RETAIL
1474,Cauliflower cheese,5241,OTHER VEGETABLES INCLUDING HOMEMADE DISHES
1475,"Chicken tikka masala, curry",6989,OTHER CHICKEN / TURKEY INCL HOMEMADE RECIPE DISHES
1476,"Custard, ready to serve",8152,CEREAL BASED MILK PUDDINGS - MANUFACTURED
1477,Chicken curry homemade,9731,OTHER CHICKEN / TURKEY INCL HOMEMADE RECIPE DISHES
1478,Cod/haddock steamed,1420,OTHER WHITE FISH INCLUDING HOMEMADE DISHES
1479,"Cod/haddock, poached in milk",8983,OTHER WHITE FISH INCLUDING HOMEMADE DISHES
1480,"Milk chocolate bar (e.g. Dairy Milk, Aero, Twirl, Galaxy)",2254,CHOCOLATE CONFECTIONERY
1481,Custard doughnut,7678,BUNS CAKES & PASTRIES MANUFACTURED
1482,Chinese crispy duck (including pancake and sauce),5421,OTHER MEAT INCLUDING HOMEMADE RECIPE DISHES
1483,"Chicken drumstick/wings, uncooked (with skin)",1064,OTHER CHICKEN / TURKEY INCL HOMEMADE RECIPE DISHES
1484,Cod grilled or oven baked,7798,OTHER WHITE FISH INCLUDING HOMEMADE DISHES
1485,"Chicken drumstick/wings, uncooked (without skin)",1064,OTHER CHICKEN / TURKEY INCL HOMEMADE RECIPE DISHES
1486,Cadbury cream / creme egg,7962,CHOCOLATE CONFECTIONERY
1487,Creme egg minis,7962,CHOCOLATE CONFECTIONERY
1488,"Celeriac, cooked",1724,OTHER VEGETABLES INCLUDING HOMEMADE DISHES
1489,"Chocolate sweets filled, soft centres (e.g. Roses, Quality Street, Heroes, Celebrations)",10864,CHOCOLATE CONFECTIONERY
1490,"Chocolate cup cake/fairy cake, with icing",7687,BUNS CAKES & PASTRIES MANUFACTURED
1491,"Chocolate cup cake/fairy cake, without icing",8367,BUNS CAKES & PASTRIES MANUFACTURED
1492,Chocolate fudge cake,3897,BUNS CAKES & PASTRIES MANUFACTURED
1493,"Breaded/coated chicken breast fillet, fried",8254,MANUFACTURED COATED CHICKEN / TURKEY PRODUCTS
1494,"Flavoured syrup, for coffee/milkshake (e.g vanilla, caramel, hazelnut)",2613,SUGAR
1495,Fudge,7980,SUGAR CONFECTIONERY
1496,"Chewing gum, sugar free",7970,SUGAR CONFECTIONERY
1497,"Chewing gum, not sugar free",2253,SUGAR CONFECTIONERY
1498,Chard,6335,LEAFY GREEN VEGETABLES NOT RAW
1499,"Chapati / roti, wholemeal (brown), with oil, homemade",3937,WHOLEMEAL BREAD
1500,Charcuterie,1274,OTHER MEAT PRODUCTS MANUFACTURED INCL READY MEALS
1501,Greggs chicken bake,8839,MANUFACTURED MEAT PIES AND PASTRIES
1502,Cherry Bakewell tart/frangipane,4429,BUNS CAKES & PASTRIES MANUFACTURED
1503,Chocolate Oaty biscuits (e.g. chocolate Hob nob),7658,BISCUITS MANUFACTURED / RETAIL
1504,"Chinese leaves (cabbage), cooked",6182,LEAFY GREEN VEGETABLES NOT RAW
1505,Cherry cake,8600,BUNS CAKES & PASTRIES MANUFACTURED
1506,"Premium choc Ice (e.g. Bounty, Galaxy)",8225,ICE CREAM
1507,Crunchy oat cereal (granola) with chocolate/toffee (e.g. Sainsburys chocolate crisp),5202,HIGH FIBRE BREAKFAST CEREALS
1508,Cheese dippers (e.g. Laughing Cow),11351,OTHER CHEESE
1509,"Cheese biscuit (e.g. cheddars, cheese savouries)",251,BISCUITS MANUFACTURED / RETAIL
1510,Chelsea bun,303,BUNS CAKES & PASTRIES HOMEMADE
1511,Cheddar cheese,661,CHEDDAR CHEESE
1512,Cheshire cheese,661,CHEDDAR CHEESE
1513,"Chapati flour, brown",13,OTHER CEREALS
1514,"Chicken goujon/nugget/dipper, breaded/coated, grilled",5263,MANUFACTURED COATED CHICKEN / TURKEY PRODUCTS
1515,Chinese five spice,2505,SAVOURY SAUCES PICKLES GRAVIES & CONDIMENTS
1516,"Chapati flour, white",14,OTHER CEREALS
1517,Chicken pasta bake,6423,MANUFACTURED CHICKEN PRODUCTS INCL READY MEALS
1518,"Chocolate gateaux, including black forest",7694,BUNS CAKES & PASTRIES MANUFACTURED
1519,Chia seeds,9741,NUTS AND SEEDS
1520,"Chicory, cooked",7848,OTHER VEGETABLES INCLUDING HOMEMADE DISHES
1521,Chilli powder,2505,SAVOURY SAUCES PICKLES GRAVIES & CONDIMENTS
1522,"Chives, fresh",9227,SALAD AND OTHER RAW VEGETABLES
1523,Chicken/turkey kebab (meat only),5296,OTHER CHICKEN / TURKEY INCL HOMEMADE RECIPE DISHES
1524,Chicken skewer,8728,OTHER CHICKEN / TURKEY INCL HOMEMADE RECIPE DISHES
1525,Chicken/turkey crispy pancake (e.g. Findus crispy pancake),3555,MANUFACTURED CHICKEN PRODUCTS INCL READY MEALS
1526,Chilli con carne,6692,OTHER BEEF & VEAL INCLUDING HOMEMADE RECIPE DISHES
1527,"Hot Chilli sauce, dipping/table sauce",9397,SAVOURY SAUCES PICKLES GRAVIES & CONDIMENTS
1528,Vegetarian mince chilli (e.g. Quorn),6323,MEAT ALTERNATIVES INCL READY MEALS & HOMEMADE DISH
1529,Chicken liver,1189,LIVER AND DISHES
1530,Cheesy mash,5737,OTHER POTATOES INCLUDING HOMEMADE DISHES
1531,Chocolate coated biscuit and marshmallow (e.g. Wagon wheel),8195,BISCUITS MANUFACTURED / RETAIL
1532,Chocolate mini roll,383,BUNS CAKES & PASTRIES MANUFACTURED
1533,Chicken pasty/slice,11603,MANUFACTURED MEAT PIES AND PASTRIES
1534,Chocolate and nut spread (e.g Nutella),2212,SWEET SPREADS FILLINGS AND ICING
1535,Chocolate brownie (without nut),8016,BUNS CAKES & PASTRIES MANUFACTURED
1536,Chocolate spread,2211,SWEET SPREADS FILLINGS AND ICING
1537,Chilli oil,874,OTHER COOKING FATS AND OILS NOT PUFA
1538,"Chocolate covered caramel bar (e.g. Chomp, curly wurly)",2256,CHOCOLATE CONFECTIONERY
1539,Chorizo,10155,OTHER SAUSAGES INCLUDING HOMEMADE DISHES
1540,Choux pastry,391,BUNS CAKES & PASTRIES HOMEMADE
1541,"Chapati / roti, white, with oil, homemade",8670,WHITE BREAD (NOT HIGH FIBRE; NOT MULTISEED BREAD)
1542,Chicken pakora,4094,OTHER CHICKEN / TURKEY INCL HOMEMADE RECIPE DISHES
1543,"Champagne, white or rose",8357,WINE
1544,Cheese sauce,5420,SAVOURY SAUCES PICKLES GRAVIES & CONDIMENTS
1545,"Corn snacks (e.g. Monster Munch, Wotsits, Transform-A-Snack)",10563,CRISPS AND SAVOURY SNACKS
1546,Christmas pudding,512,OTHER CEREAL BASED PUDDINGS - MANUFACTURED
1547,Nestle Cheerios,7637,HIGH FIBRE BREAKFAST CEREALS
1548,"Chicken breast fillet, uncooked",1063,OTHER CHICKEN / TURKEY INCL HOMEMADE RECIPE DISHES
1549,Cherries,1991,OTHER FRUIT NOT CANNED
1550,Chocolate sauce e.g. eaten with pudding,2645,SWEET SPREADS FILLINGS AND ICING
1551,Cheese scone,367,BUNS CAKES & PASTRIES HOMEMADE
1552,Cheese sandwich with white/malted bread,11452,SANDWICHES
1553,"Chicken breast, fried",5265,OTHER CHICKEN / TURKEY INCL HOMEMADE RECIPE DISHES
1554,"Chicken in a white wine/cream sauce, shop-bought",3163,MANUFACTURED CHICKEN PRODUCTS INCL READY MEALS
1555,Cake slice with chocolate chip,5201,BUNS CAKES & PASTRIES MANUFACTURED
1556,Cheese spread/triangle (e.g Dairylea),10413,OTHER CHEESE
1557,Chocolate teacake (e.g. Tunnock's),8195,BISCUITS MANUFACTURED / RETAIL
1558,Roast/grilled chicken leg (skin eaten),1374,OTHER CHICKEN / TURKEY INCL HOMEMADE RECIPE DISHES
1559,Chewy cereal bar (e.g. Harvest chewee),7656,BISCUITS MANUFACTURED / RETAIL
1560,"Weetabix, chocolate",10745,HIGH FIBRE BREAKFAST CEREALS
1561,"Chewy sweets bars (e.g. wham bars, vimto bars)",11013,SUGAR CONFECTIONERY
1562,Ciabatta/panini bread,8744,WHITE BREAD (NOT HIGH FIBRE; NOT MULTISEED BREAD)
1563,Cider Vinegar,2525,SAVOURY SAUCES PICKLES GRAVIES & CONDIMENTS
1564,"Cinnamon, ground",2528,SAVOURY SAUCES PICKLES GRAVIES & CONDIMENTS
1565,Cinnamon whirl,318,BUNS CAKES & PASTRIES MANUFACTURED
1566,"Chicken chow mein, stir fry (with noodles)",4035,MANUFACTURED CHICKEN PRODUCTS INCL READY MEALS
1567,Chicken casserole/stew,8749,OTHER CHICKEN / TURKEY INCL HOMEMADE RECIPE DISHES
1568,"Meat sandwich paste (e.g. chicken, beef)",1125,MANUFACTURED CHICKEN PRODUCTS INCL READY MEALS
1569,Chickpeas,1815,BEANS AND PULSES INCL READY MEAL & HOMEMADE DISHES
1570,Chocolate Krispie cake,310,BUNS CAKES & PASTRIES MANUFACTURED
1571,Chicken risotto,3221,RICE MANUFACTURED PRODUCTS & READY MEALS
1572,Chocolate chip cookie,7662,BISCUITS MANUFACTURED / RETAIL
1573,Chocolate chip cookie with nut,7662,BISCUITS MANUFACTURED / RETAIL
1574,"Cookies e.g. stem ginger, caramel (not chocolate or nut)",10061,BISCUITS MANUFACTURED / RETAIL
1575,"Mashed potato, with butter",1831,OTHER POTATOES INCLUDING HOMEMADE DISHES
1576,"Chocolate short or sweet biscuit half coated (e.g. chocolate butter biscuit, chocco Leibniz biscuis)",254,BISCUITS MANUFACTURED / RETAIL
1577,"Celery, raw",1725,SALAD AND OTHER RAW VEGETABLES
1578,Clotted cream,632,CREAM (INCLUDING IMITATION CREAM)
1579,Energy drink (e.g. Red bull),5545,SOFT DRINKS NOT LOW CALORIE CARBONATED
1580,Coleslaw,1731,SALAD AND OTHER RAW VEGETABLES
1581,"Coleslaw, low calorie",1732,SALAD AND OTHER RAW VEGETABLES
1582,"Cream of mushroom soup, canned",2472,SOUP MANUFACTURED/ RETAIL
1583,Cream of mushroom soup,8659,SOUP HOMEMADE
1584,"Milkshake made with ice-cream, from takeaway (e.g. McDonalds)",629,OTHER MILK
1585,"Milkshake made with powder and milk, chocolate",8215,OTHER MILK
1586,Chocolate chip muffin,5158,BUNS CAKES & PASTRIES HOMEMADE
1587,"Custard, made without sugar (homemade)",8649,CEREAL BASED MILK PUDDINGS - MANUFACTURED
1588,"Corned beef, canned",1341,OTHER MEAT PRODUCTS MANUFACTURED INCL READY MEALS
1589,"Corned beef , not canned",1341,OTHER MEAT PRODUCTS MANUFACTURED INCL READY MEALS
1590,Crunchie bar,7963,CHOCOLATE CONFECTIONERY
1591,Condensed milk,619,OTHER MILK
1592,Cornflour,8,OTHER CEREALS
1593,"Cranberry juice drink, with added vitamin C (e.g. Ocean spray)",3846,SOFT DRINKS NOT LOW CALORIE RTD STILL
1594,Cornish pasty (including beef and vegetable),1299,MANUFACTURED MEAT PIES AND PASTRIES
1595,"Spinach, canned",1918,LEAFY GREEN VEGETABLES NOT RAW
1596,Fruit bun/bread (e.g. currant),8123,BUNS CAKES & PASTRIES MANUFACTURED
1597,Kellogg's Crunchy Nut Cornflakes,10512,OTHER BREAKFAST CEREALS (NOT HIGH FIBRE)
1598,Chocolate and nut brownie,8015,BUNS CAKES & PASTRIES MANUFACTURED
1599,Chocolate bars with nuts (e.g. Cadbury whole nut),2258,CHOCOLATE CONFECTIONERY
1600,Corn on the cob (sweetcorn / sweet corn),1923,OTHER VEGETABLES INCLUDING HOMEMADE DISHES
1601,"Coconut milk/drink, sweetened (e.g. Koko)",10836,OTHER MILK
1602,"Coconut, fresh",2181,NUTS AND SEEDS
1603,"Coco Pops/Snaps, supermarket brands",8483,OTHER BREAKFAST CEREALS (NOT HIGH FIBRE)
1604,Coconut cream,2185,NUTS AND SEEDS
1605,Coconut water,11230,SOFT DRINKS NOT LOW CALORIE RTD STILL
1606,Coffee cake (including coffee and walnut cake),7687,BUNS CAKES & PASTRIES MANUFACTURED
1607,Coconut oil,11032,OTHER COOKING FATS AND OILS NOT PUFA
1608,Cockles,7829,MANUFACTURED SHELLFISH PRODUCTS INCL READY MEALS
1609,"Coca-Cola/Coke/Pepsi, flavoured",7895,SOFT DRINKS NOT LOW CALORIE CARBONATED
1610,Colcannon,1831,OTHER POTATOES INCLUDING HOMEMADE DISHES
1611,Nutritional supplement powder (Complan only),2305,NUTRITION POWDERS AND DRINKS
1612,Fruit compote,6110,OTHER FRUIT NOT CANNED
1613,Ice cream cone (no ice cream),273,BISCUITS MANUFACTURED / RETAIL
1614,Stock / consomme (any clear soup),2462,SOUP MANUFACTURED/ RETAIL
1615,Copper (2mg),11250,"SINGLE VITS OR MINS NOT Folic acid, Fe, Ca, Vit C"
1616,Cocoa powder,2303,BEVERAGES DRY WEIGHT
1617,Coq au vin,8749,OTHER CHICKEN / TURKEY INCL HOMEMADE RECIPE DISHES
1618,"Courgette (zucchini), cooked",1734,OTHER VEGETABLES INCLUDING HOMEMADE DISHES
1619,"Courgette (zucchini), fried in olive oil",9569,OTHER VEGETABLES INCLUDING HOMEMADE DISHES
1620,"Coriander (cilantro), fresh",9154,SALAD AND OTHER RAW VEGETABLES
1621,Cornetto/king cone (Including supermarket brands),731,ICE CREAM
1622,"Stock / consomme (any clear soup), reduced salt",10969,SAVOURY SAUCES PICKLES GRAVIES & CONDIMENTS
1623,"Courgette (zucchini) spaghetti, no oil",1734,OTHER VEGETABLES INCLUDING HOMEMADE DISHES
1624,Coconut tart,7688,BUNS CAKES & PASTRIES MANUFACTURED
1625,"Cottage pie (beef), home made",1357,OTHER BEEF & VEAL INCLUDING HOMEMADE RECIPE DISHES
1626,Fruit coulis (e.g. raspberry),2144,OTHER FRUIT NOT CANNED
1627,"Cup a soup, made up",2468,SOUP MANUFACTURED/ RETAIL
1628,Kellogg's Coco Pops cereal bar,3882,BISCUITS MANUFACTURED / RETAIL
1629,"Peaches, canned in syrup",2107,CANNED FRUIT IN SYRUP
1630,"Chicken pie, individual (including bacon and vegetable varieties)",1120,MANUFACTURED MEAT PIES AND PASTRIES
1631,"Chocolate Orange, plain/dark chocolate (e.g. Terrys)",2255,CHOCOLATE CONFECTIONERY
1632,"Chicken pie, white sauce based, slice from a large pie",1119,HOMEMADE MEAT PIES AND PASTRIES
1633,"Reduced-fat cottage pie (beef), ready meal (e.g. Weight Watchers)",4283,MANUFACTURED BEEF PRODUCTS INCLUDING READY MEALS
1634,Chicken and pasta ready meal,6393,PASTA MANUFACTURED PRODUCTS & READY MEALS
1635,Capers,9389,OTHER VEGETABLES INCLUDING HOMEMADE DISHES
1636,"Mixed fruit juice drink, ready to drink, 25-49% juice (e.g. Capri sun, Rubicon)",2358,SOFT DRINKS NOT LOW CALORIE RTD STILL
1637,"Custard, made with sugar (homemade)",548,CEREAL BASED MILK PUDDINGS - MANUFACTURED
1638,"Chicken nuggets/pieces, from takeaway e.g McNuggets",1115,MANUFACTURED COATED CHICKEN / TURKEY PRODUCTS
1639,Chicken pizza,10030,PIZZA
1640,Cranberries,2000,OTHER FRUIT NOT CANNED
1641,"Cranberry squash / juice,  with ADDED SUGAR, diluted",11581,SOFT DRINKS NOT LOW CALORIE CONCENTRATED
1642,Crunchy biscuit (e.g. Foxes crunch biscuit),8196,BISCUITS MANUFACTURED / RETAIL
1643,"Crab, fresh",1561,OTHER SHELLFISH INCLUDING HOMEMADE DISHES
1644,Crispbread Rye with or without seeds (e.g. Ryvita),256,BISCUITS MANUFACTURED / RETAIL
1645,"Crab, canned",1561,OTHER SHELLFISH INCLUDING HOMEMADE DISHES
1646,Cream cracker,255,BISCUITS MANUFACTURED / RETAIL
1647,Petits Filous Little Desserts Chocolate & Vanilla,7696,FROMAGE FRAIS AND DAIRY DESSERTS MANUFACTURED
1648,Crème brulee,10215,FROMAGE FRAIS AND DAIRY DESSERTS MANUFACTURED
1649,Chocolate filled pancake/crepe,10399,OTHER CEREALS
1650,Creme fraiche,3014,CREAM (INCLUDING IMITATION CREAM)
1651,Crystallised ginger,10595,SUGAR CONFECTIONERY
1652,Cream horns,313,BUNS CAKES & PASTRIES MANUFACTURED
1653,Crumpet / pikelet,148,WHITE BREAD (NOT HIGH FIBRE; NOT MULTISEED BREAD)
1654,Cranberry sauce,9396,PRESERVES
1655,Chicken slice with stuffing,5284,MANUFACTURED CHICKEN PRODUCTS INCL READY MEALS
1656,"Cornflakes, supermarket brand",206,OTHER BREAKFAST CEREALS (NOT HIGH FIBRE)
1657,"Carrot cake, with icing",5722,BUNS CAKES & PASTRIES MANUFACTURED
1658,Crab pate,1561,OTHER SHELLFISH INCLUDING HOMEMADE DISHES
1659,"Croissants, plain, reduced fat",8432,BUNS CAKES & PASTRIES MANUFACTURED
1660,"Courgette (zucchini), raw",1733,SALAD AND OTHER RAW VEGETABLES
1661,Cream soda,7901,SOFT DRINKS NOT LOW CALORIE CARBONATED
1662,Carrot soup (e.g. carrot & coriander),6612,SOUP HOMEMADE
1663,White crusty bread (including tiger bread),121,WHITE BREAD (NOT HIGH FIBRE; NOT MULTISEED BREAD)
1664,Cream of tartar,2502,SAVOURY SAUCES PICKLES GRAVIES & CONDIMENTS
1665,Cream filled wafer (e.g. Happy hippo),8021,CHOCOLATE CONFECTIONERY
1666,"Croutons, white",123,WHITE BREAD (NOT HIGH FIBRE; NOT MULTISEED BREAD)
1667,Cherry juice drink,8144,SOFT DRINKS NOT LOW CALORIE RTD STILL
1668,Curry sauce (e.g. balti/jalfrezi),2420,SAVOURY SAUCES PICKLES GRAVIES & CONDIMENTS
1669,"Chocolate coated biscuit with cream filling (e.g. Penguin, Club)",8193,BISCUITS MANUFACTURED / RETAIL
1670,"Chocolate coated biscuit (e.g. Rocky bar, Breakaway)",253,BISCUITS MANUFACTURED / RETAIL
1671,Chocolate sponge cake with buttercream filling,8017,BUNS CAKES & PASTRIES MANUFACTURED
1672,Chocolate sponge cake with no filling,3082,BUNS CAKES & PASTRIES MANUFACTURED
1673,Couscous (plain),7600,OTHER CEREALS
1674,McDonald's Chicken Selects,1115,MANUFACTURED COATED CHICKEN / TURKEY PRODUCTS
1675,Milk Chocolate shapes (e.g mice/coins),2254,CHOCOLATE CONFECTIONERY
1676,"Chicken slice, smoked or unsmoked (pre-packed/deli)",5284,MANUFACTURED CHICKEN PRODUCTS INCL READY MEALS
1677,Processed cheese slices (e.g. individually wrapped for melting on burgers),677,OTHER CHEESE
1678,"Cashew nuts, salted",7884,NUTS AND SEEDS
1679,Cream of chicken soup,2463,SOUP MANUFACTURED/ RETAIL
1680,Cheese savoury sandwich filler,9497,OTHER CHEESE
1681,"Croissant, plain",166,BUNS CAKES & PASTRIES MANUFACTURED
1682,Chicken salad sandwich with white/malted bread,11453,SANDWICHES
1683,Chicken stir fry (meat and vegetables),6895,OTHER CHICKEN / TURKEY INCL HOMEMADE RECIPE DISHES
1684,Cheese strings/strips (e.g. Dairylea),11129,OTHER CHEESE
1685,Egg custard tart,316,BUNS CAKES & PASTRIES MANUFACTURED
1686,Cottage cheese,687,COTTAGE CHEESE
1687,"Carrot cake, without icing",6216,BUNS CAKES & PASTRIES HOMEMADE
1688,"Biscuits filled with cream (e.g. bourbons, Fox's crunch creams, custard creams)",268,BISCUITS MANUFACTURED / RETAIL
1689,Chestnuts,2179,NUTS AND SEEDS
1690,Cherry tomatoes,11104,TOMATOES RAW
1691,"Bread roll, cheese topped",6976,WHITE BREAD (NOT HIGH FIBRE; NOT MULTISEED BREAD)
1692,"Cheese and tomato pizza (e.g. Margherita), stuffed crust",10033,PIZZA
1693,"Chicken mayonnaise sandwich fillers (e.g. chicken and sweetcorn, tikka, coronation)",8098,MANUFACTURED CHICKEN PRODUCTS INCL READY MEALS
1694,Cake bar with sultanas e.g. Mr kipling country slices,8105,BUNS CAKES & PASTRIES MANUFACTURED
1695,"Chicken in a tomato/BBQ sauce with potato wedges, ready meal, reduced fat",10298,MANUFACTURED CHICKEN PRODUCTS INCL READY MEALS
1696,Cheese and tomato pizza (e.g. Margherita),10026,PIZZA
1697,Cumin,8116,SAVOURY SAUCES PICKLES GRAVIES & CONDIMENTS
1698,Curry paste,9375,SAVOURY SAUCES PICKLES GRAVIES & CONDIMENTS
1699,Cumberland pie,1357,OTHER BEEF & VEAL INCLUDING HOMEMADE RECIPE DISHES
1700,Nestle Curiously Cinnamon,9032,OTHER BREAKFAST CEREALS (NOT HIGH FIBRE)
1701,Lemon curd,2219,PRESERVES
1702,"Custard, low fat",8100,CEREAL BASED MILK PUDDINGS - MANUFACTURED
1703,Curry powder,2508,SAVOURY SAUCES PICKLES GRAVIES & CONDIMENTS
1704,"Custard, ready to eat, individual pots",8152,CEREAL BASED MILK PUDDINGS - MANUFACTURED
1705,White chocolate bar (e.g. milky bar),7960,CHOCOLATE CONFECTIONERY
1706,Chicken legs/wings marinated,5268,OTHER CHICKEN / TURKEY INCL HOMEMADE RECIPE DISHES
1707,Vegetable curry,1943,OTHER VEGETABLES INCLUDING HOMEMADE DISHES
1708,Daim bar,2256,CHOCOLATE CONFECTIONERY
1709,"Damson, canned",2018,CANNED FRUIT IN SYRUP
1710,"Damson, stewed",2015,OTHER FRUIT NOT CANNED
1711,Damson,2013,OTHER FRUIT NOT CANNED
1712,Dandelion and burdock,7901,SOFT DRINKS NOT LOW CALORIE CARBONATED
1713,Danish pastry,318,BUNS CAKES & PASTRIES MANUFACTURED
1714,Dates,2021,OTHER FRUIT NOT CANNED
1715,Dauphinoise potatoes,802,OTHER POTATOES INCLUDING HOMEMADE DISHES
1716,Double cream,634,CREAM (INCLUDING IMITATION CREAM)
1717,Double Gloucester cheese,661,CHEDDAR CHEESE
1718,"Dark brown sugar, muscavado",2204,SUGAR
1719,Decaf cappuccino coffee,10851,COFFEE (MADE-UP WEIGHT)
1720,Dry cider (e.g. Strongbow),8350,CIDER AND PERRY
1721,"Decaf cappuccino coffee, made with skimmed milk (skinny cappuccino)",10718,COFFEE (MADE-UP WEIGHT)
1722,"Hot / drinking chocolate, made with water, low calorie",11591,OTHER MILK
1723,"Decaf mocha coffee, with cream",8061,COFFEE (MADE-UP WEIGHT)
1724,"Decaf mocha coffee, made with skimmed milk (skinny mocha)",8060,COFFEE (MADE-UP WEIGHT)
1725,"Tortilla chips, flavoured, Doritos only",10070,CRISPS AND SAVOURY SNACKS
1726,"Hot chocolate, made with milk",10724,OTHER MILK
1727,"Dessicated coconut, sweetened",2184,NUTS AND SEEDS
1728,Decaf tea,8317,TEA (MADE-UP WEIGHT)
1729,"Hot / drinking chocolate, made with water",11590,OTHER MILK
1730,"Decaf coffee, fresh",8313,COFFEE (MADE-UP WEIGHT)
1731,Double Decker,7978,CHOCOLATE CONFECTIONERY
1732,Demerara sugar,2203,SUGAR
1733,"Dessicated coconut, unsweetened",2183,NUTS AND SEEDS
1734,Dairy free custard (e.g. alpro soya),8420,OTHER MILK
1735,"Yoghurt drink, containing stanols/sterols (e.g. Benecol)",10152,YOGURT
1736,"Deep fried cheese (e.g. mozzarella, brie)",6259,OTHER CHEESE
1737,"Chocolate digestive, biscuit",260,BISCUITS MANUFACTURED / RETAIL
1738,Oaty biscuit (e.g. Hob nob),7657,BISCUITS MANUFACTURED / RETAIL
1739,Digestive biscuit,259,BISCUITS MANUFACTURED / RETAIL
1740,Dried herbs,9764,SAVOURY SAUCES PICKLES GRAVIES & CONDIMENTS
1741,"Fruit cake, reduced fat",9847,BUNS CAKES & PASTRIES HOMEMADE
1742,"Dill, fresh",10147,SALAD AND OTHER RAW VEGETABLES
1743,Diet irn bru,7903,SOFT DRINKS LOW CALORIE CARBONATED
1744,Pringles,10000,CRISPS AND SAVOURY SNACKS
1745,"Decaf latte coffee, made with skimmed milk (skinny latte)",10718,COFFEE (MADE-UP WEIGHT)
1746,Dairylea Dunkers (e.g. breadsticks with cheese dip),11351,OTHER CHEESE
1747,Diet lemonade,7899,SOFT DRINKS LOW CALORIE CARBONATED
1748,"Decaf latte coffee, made with soya milk",10727,COFFEE (MADE-UP WEIGHT)
1749,Decaf latte coffee,10851,COFFEE (MADE-UP WEIGHT)
1750,"Decaf mocha coffee, without cream",10785,COFFEE (MADE-UP WEIGHT)
1751,"Tomato based pasta sauce, shop-bought (e.g. Lloyd Grossman)",8358,SAVOURY SAUCES PICKLES GRAVIES & CONDIMENTS
1752,Dried apple,1960,APPLES AND PEARS NOT CANNED
1753,Dried raspberries,8091,OTHER FRUIT NOT CANNED
1754,Dried banana,10964,OTHER FRUIT NOT CANNED
1755,Dried cranberries,8092,OTHER FRUIT NOT CANNED
1756,Dried figs,2024,OTHER FRUIT NOT CANNED
1757,Dragon fruit,2061,OTHER FRUIT NOT CANNED
1758,Chocolate and caramel biscuit bars (e.g. Rocky Caramel),2276,CHOCOLATE CONFECTIONERY
1759,Dried cherries,8134,OTHER FRUIT NOT CANNED
1760,Dried mango,8158,OTHER FRUIT NOT CANNED
1761,Dried mixed fruit,2665,OTHER FRUIT NOT CANNED
1762,Dried pineapple,7093,OTHER FRUIT NOT CANNED
1763,Dr Pepper,7901,SOFT DRINKS NOT LOW CALORIE CARBONATED
1764,Salad dressing,9391,SAVOURY SAUCES PICKLES GRAVIES & CONDIMENTS
1765,Dried strawberries,8094,OTHER FRUIT NOT CANNED
1766,Roast duck (skin not eaten),1129,OTHER MEAT INCLUDING HOMEMADE RECIPE DISHES
1767,Dry white wine,8354,WINE
1768,"Apple, skin not eaten",1951,APPLES AND PEARS NOT CANNED
1769,"Apple, skin eaten",1952,APPLES AND PEARS NOT CANNED
1770,Eclair/choux bun with chocolate icing and cream filling,327,BUNS CAKES & PASTRIES MANUFACTURED
1771,Edam cheese,668,OTHER CHEESE
1772,"Energy drink, with no added sugar (e.g. Red bull, Monster)",4176,SOFT DRINKS LOW CALORIE CARBONATED
1773,Eel,1484,OTHER OILY FISH INCLUDING HOMEMADE DISHES
1774,"Egg custard, baked or as sauce",545,DAIRY DESSERTS HOMEMADE
1775,Egg fried rice,76,OTHER RICE INCLUDING HOMEMADE DISHES
1776,Egg wash,755,OTHER EGGS AND EGG DISHES INCLUDING HOMEMADE
1777,Eggy bread / French toast (savoury),6486,OTHER EGGS AND EGG DISHES INCLUDING HOMEMADE
1778,Egg mayo sandwich with white/malted bread,11473,SANDWICHES
1779,Raw egg,755,OTHER EGGS AND EGG DISHES INCLUDING HOMEMADE
1780,"Egg, white, raw",754,OTHER EGGS AND EGG DISHES INCLUDING HOMEMADE
1781,"Egg, yolk, raw",753,OTHER EGGS AND EGG DISHES INCLUDING HOMEMADE
1782,Dark chocolate with mint filling (e.g. After Eights),2257,CHOCOLATE CONFECTIONERY
1783,"Minced beef, extra lean, uncooked",9485,OTHER BEEF & VEAL INCLUDING HOMEMADE RECIPE DISHES
1784,Elderberries,11115,OTHER FRUIT NOT CANNED
1785,"Elderflower cordial, with ADDED SUGAR, diluted",11575,SOFT DRINKS NOT LOW CALORIE CONCENTRATED
1786,Elmlea double cream,2681,CREAM (INCLUDING IMITATION CREAM)
1787,Elmlea single cream,4328,CREAM (INCLUDING IMITATION CREAM)
1788,Liquer chocolates and rum truffles,2257,CHOCOLATE CONFECTIONERY
1789,Emmental cheese,671,OTHER CHEESE
1790,Egg mayonnaise sandwich filler,8066,MANUFACTURED EGG PRODUCTS INCLUDING READY MEALS
1791,Chicken enchilada,2717,MANUFACTURED CHICKEN PRODUCTS INCL READY MEALS
1792,Egg noodles,32,OTHER PASTA INCLUDING HOMEMADE DISHES
1793,Fried egg,761,OTHER EGGS AND EGG DISHES INCLUDING HOMEMADE
1794,"Pear, skin eaten",2240,APPLES AND PEARS NOT CANNED
1795,"Pear, skin not eaten",2110,APPLES AND PEARS NOT CANNED
1796,Extra strong mints,7982,SUGAR CONFECTIONERY
1797,"English style bread muffin, wholemeal (brown)",174,WHOLEMEAL BREAD
1798,Evaporated milk,622,OTHER MILK
1799,Eve's pudding,542,SPONGE PUDDINGS - HOMEMADE
1800,Crackerbread original (e.g. Ryvita),258,BISCUITS MANUFACTURED / RETAIL
1801,Extra light mayonnaise (e.g. Hellmans extra light),9206,SAVOURY SAUCES PICKLES GRAVIES & CONDIMENTS
1802,"Chicken liver, uncooked",1197,LIVER AND DISHES
1803,"High juice fruit squash, with ADDED SUGAR, not diluted",7911,SOFT DRINKS NOT LOW CALORIE CONCENTRATED
1804,"Irish stew, canned",1005,OTHER LAMB INCLUDING HOMEMADE RECIPE DISHES
1805,Roast chicken (skin not eaten),5127,OTHER CHICKEN / TURKEY INCL HOMEMADE RECIPE DISHES
1806,Fox's party rings,8201,BISCUITS MANUFACTURED / RETAIL
1807,"Vegetable lasagne, toddler meal (e.g. Little Dish, Hipp Organic)",8784,OTHER VEGETABLES INCLUDING HOMEMADE DISHES
1808,"Instant latte coffee powder, with sugar",6840,BEVERAGES DRY WEIGHT
1809,"Cappuccino coffee, made with soya milk",10727,COFFEE (MADE-UP WEIGHT)
1810,"Decaf Cappuccino coffee, made with soya milk",10727,COFFEE (MADE-UP WEIGHT)
1811,"Mocha coffee, made with soya milk",10785,COFFEE (MADE-UP WEIGHT)
1812,"Tofu/soya bean stir fry, (tofu/soya bean and vegetables)",8390,OTHER VEGETABLES INCLUDING HOMEMADE DISHES
1813,Ice lolly,7762,SUGAR CONFECTIONERY
1814,Chicken fajita (filling only),5657,OTHER CHICKEN / TURKEY INCL HOMEMADE RECIPE DISHES
1815,Chicken fajita (including tortilla),3391,OTHER CHICKEN / TURKEY INCL HOMEMADE RECIPE DISHES
1816,"Fatless sponge, no filling (e.g. sponge fingers)",375,BUNS CAKES & PASTRIES MANUFACTURED
1817,Fanta,8328,SOFT DRINKS NOT LOW CALORIE CARBONATED
1818,Wholemeal cracker (e.g. Farmhouse cracker),7652,BISCUITS MANUFACTURED / RETAIL
1819,Fanta Zero,8445,SOFT DRINKS LOW CALORIE CARBONATED
1820,Fruit biscuit (e.g. fruit shortcake biscuit),262,BISCUITS MANUFACTURED / RETAIL
1821,"Fishcakes coated in breadcrumb/batter, fried",1607,WHITE FISH COATED OR FRIED
1822,"Fishcakes coated in breadcrumb/batter, grilled or oven baked",1606,WHITE FISH COATED OR FRIED
1823,"Chips, fried",1849,OTHER FRIED / ROAST POTATOES INCL HOMEMADE DISHES
1824,Fruit crumble (including rhubarb),503,OTHER CEREAL BASED PUDDINGS - HOMEMADE
1825,Oven chips,10561,CHIPS PURCHASED INCLUDING TAKEAWAY
1826,Fish curry,5941,OTHER WHITE FISH INCLUDING HOMEMADE DISHES
1827,"French dressing, low fat/fat free",2704,SAVOURY SAUCES PICKLES GRAVIES & CONDIMENTS
1828,Fried egg white,9111,OTHER EGGS AND EGG DISHES INCLUDING HOMEMADE
1829,"Fennel, cooked",8478,OTHER VEGETABLES INCLUDING HOMEMADE DISHES
1830,Feast ice cream,732,ICE CREAM
1831,Feta cheese,669,OTHER CHEESE
1832,"Soft cheese, full-fat (e.g. Philadelphia)",2703,OTHER CHEESE
1833,Pasta with vegetables in a cream/cheese-based sauce,6139,OTHER PASTA INCLUDING HOMEMADE DISHES
1834,"Fish fingers, fried",1616,WHITE FISH COATED OR FRIED
1835,Fruit yoghurt,701,YOGURT
1836,"Fish fingers, grilled or oven baked",11006,WHITE FISH COATED OR FRIED
1837,Fish fillet in breadcrumbs/batter grilled or oven baked,1637,WHITE FISH COATED OR FRIED
1838,Fizzy fruit juice drink,8328,SOFT DRINKS NOT LOW CALORIE CARBONATED
1839,Fruit flavoured laces (sweets),8676,SUGAR CONFECTIONERY
1840,Natural yoghurt,702,YOGURT
1841,Pasta with vegetables in a tomato-based sauce,11498,OTHER VEGETABLES INCLUDING HOMEMADE DISHES
1842,"50/50 bread (e.g. Kingsmill, Warburtons)",10775,BROWN GRANARY AND WHEATGERM BREAD
1843,Fruit filled wheats (e.g. blueberry/apricot),8190,HIGH FIBRE BREAKFAST CEREALS
1844,Fruit gums / jelly shapes (e.g. winegums),2259,SUGAR CONFECTIONERY
1845,Fresh herbs,1799,SALAD AND OTHER RAW VEGETABLES
1846,Ice cream dessert (e.g. Viennetta),7759,ICE CREAM
1847,Fishermans friends (throat sweets),2251,SUGAR CONFECTIONERY
1848,Fig rolls,7664,BISCUITS MANUFACTURED / RETAIL
1849,Figs,2023,OTHER FRUIT NOT CANNED
1850,Filo pastry (savoury),8080,BUNS CAKES & PASTRIES MANUFACTURED
1851,Chocolate covered fingers (e.g. Cadbury milk chocolate fingers),11416,BISCUITS MANUFACTURED / RETAIL
1852,"Fish fillet, breaded, in a bun (e.g. McDonald's Filet-O-Fish)",1600,WHITE FISH COATED OR FRIED
1853,White fish kiev,1606,WHITE FISH COATED OR FRIED
1854,Fish sauce,2445,SAVOURY SAUCES PICKLES GRAVIES & CONDIMENTS
1855,"Vimto, fizzy",8328,SOFT DRINKS NOT LOW CALORIE CARBONATED
1856,"Wrap/tortilla, white",6838,WHITE BREAD (NOT HIGH FIBRE; NOT MULTISEED BREAD)
1857,Flaked almonds,2169,NUTS AND SEEDS
1858,"Coffee, fresh",2306,COFFEE (MADE-UP WEIGHT)
1859,"Custard, flavoured, ready to eat (e.g. Ambrosia chocolate custard)",8152,CEREAL BASED MILK PUDDINGS - MANUFACTURED
1860,Falafels,8102,BEANS AND PULSES INCL READY MEAL & HOMEMADE DISHES
1861,Flapjack (including fruit flapjack),261,BISCUITS MANUFACTURED / RETAIL
1862,Fruit lolly with ice cream filling (e.g. Ice cream split),729,ICE CREAM
1863,Florentines,262,BISCUITS MANUFACTURED / RETAIL
1864,"Rice cake, savoury flavoured (e.g. Snack a Jacks)",3236,BISCUITS MANUFACTURED / RETAIL
1865,"Rice pudding, low fat, ready to eat, not canned (e.g. Muller rice)",11011,CEREAL BASED MILK PUDDINGS - MANUFACTURED
1866,Flump (marshmallow bar),2264,SUGAR CONFECTIONERY
1867,"Flavoured water, still or fizzy (with added sugar) (e.g. Volvic a touch of fruit)",5343,SOFT DRINKS NOT LOW CALORIE CARBONATED
1868,Fruit flavoured mousse,7753,YOGURT
1869,"Milkshake made with powder and milk, fruit flavoured",8215,OTHER MILK
1870,French fries/crisps (e.g. Walkers),8030,CRISPS AND SAVOURY SNACKS
1871,Foam sweets (e.g. shrimps),2264,SUGAR CONFECTIONERY
1872,Focaccia bread,6974,WHITE BREAD (NOT HIGH FIBRE; NOT MULTISEED BREAD)
1873,Foie grois,1258,LIVER AND DISHES
1874,Fondant fancies / french fancies,329,BUNS CAKES & PASTRIES MANUFACTURED
1875,Fruit pie filling (not blackcurrant),2027,OTHER FRUIT NOT CANNED
1876,"Fisherman's pie, home made",1604,OTHER WHITE FISH INCLUDING HOMEMADE DISHES
1877,Sugar coated fruit jellies (e.g. fruit pastilles),2267,SUGAR CONFECTIONERY
1878,Bacon-flavour corn snacks (e.g. Frazzles),10071,CRISPS AND SAVOURY SNACKS
1879,"Green beans/French beans, cooked",1671,GREEN BEANS NOT RAW
1880,Fruit loaf,108,BUNS CAKES & PASTRIES MANUFACTURED
1881,Kellogg's Frosties cereal bar,3882,BISCUITS MANUFACTURED / RETAIL
1882,"French stick/baguette (bread), white",127,WHITE BREAD (NOT HIGH FIBRE; NOT MULTISEED BREAD)
1883,Fruit cider (e.g. Rekorderlig),5142,ALCOHOLIC SOFT DRINKS
1884,"Carrots, cooked from frozen",1714,CARROTS NOT RAW
1885,"Cauliflower, cooked",1719,OTHER VEGETABLES INCLUDING HOMEMADE DISHES
1886,Fried noodles (not supernoodles),2984,OTHER PASTA INCLUDING HOMEMADE DISHES
1887,"Fruit 'n' Fibre cereal, supermarket brands",5327,HIGH FIBRE BREAKFAST CEREALS
1888,French dressing,9391,SAVOURY SAUCES PICKLES GRAVIES & CONDIMENTS
1889,Fruit fool,8556,FROMAGE FRAIS AND DAIRY DESSERTS MANUFACTURED
1890,Yoplait Wildlife / Peppa Pig / Paw patrol / supermarket brands fromage frais,11313,FROMAGE FRAIS AND DAIRY DESSERTS MANUFACTURED
1891,Fruit fritters,586,FRUIT PIES MANUFACTURED
1892,"Hot dog/frankfurter, pork",1271,OTHER SAUSAGES INCLUDING HOMEMADE DISHES
1893,"Chewy sweets (e.g. Chewitts, Blackjacks, not Starburst)",11013,SUGAR CONFECTIONERY
1894,"Special Flakes, with honey/chocolate (e.g.  Kellogg's Special K)",213,OTHER BREAKFAST CEREALS (NOT HIGH FIBRE)
1895,"Chocolate mousse/dessert, low fat",9791,FROMAGE FRAIS AND DAIRY DESSERTS MANUFACTURED
1896,Dried fruit and nut mix,2629,NUTS AND SEEDS
1897,Cod roe,9292,OTHER WHITE FISH INCLUDING HOMEMADE DISHES
1898,"Fish roe, uncooked",1622,OTHER WHITE FISH INCLUDING HOMEMADE DISHES
1899,"Strawberries, frozen",2155,OTHER FRUIT NOT CANNED
1900,Frozen yoghurt,7757,ICE CREAM
1901,Cheesecake with fruit,510,OTHER CEREAL BASED PUDDINGS - MANUFACTURED
1902,"Parsley, fresh",1799,SALAD AND OTHER RAW VEGETABLES
1903,"Filled pasta, meat (e.g chicken & chorizo tortelloni)",8361,PASTA MANUFACTURED PRODUCTS & READY MEALS
1904,"Spinach, cooked from frozen",1916,LEAFY GREEN VEGETABLES NOT RAW
1905,Kellogg's Frosties,227,OTHER BREAKFAST CEREALS (NOT HIGH FIBRE)
1906,Sundae dessert,5257,FROMAGE FRAIS AND DAIRY DESSERTS MANUFACTURED
1907,Fruit flan/tart,7700,FRUIT PIES HOMEMADE
1908,"Potato fritters, fried",1879,OTHER MANUFACTURED POTATO PRODUCTS FRIED/BAKED
1909,"Potato fritters, grilled/baked",1883,OTHER MANUFACTURED POTATO PRODUCTS FRIED/BAKED
1910,Fruit turnover (e.g. apple turnover),9026,FRUIT PIES MANUFACTURED
1911,Fruit strudel,9141,FRUIT PIES MANUFACTURED
1912,Fruit Winder (e.g. Kellogg's),3763,SUGAR CONFECTIONERY
1913,"Fish shapes, white fish in breadcrumbs, fried (e.g. Young's flipper dippers)",1607,WHITE FISH COATED OR FRIED
1914,"Fish shapes, white fish in breadcrumbs, grilled (e.g. Young's flipper dippers)",1606,WHITE FISH COATED OR FRIED
1915,Broccoli and cheese soup,8847,SOUP HOMEMADE
1916,Chicken and sweetcorn soup,10270,SOUP MANUFACTURED/ RETAIL
1917,Fish/seafood chowder,2951,OTHER SHELLFISH INCLUDING HOMEMADE DISHES
1918,"Frosted Wheats/Shreddies (e.g. Kellogg's, Nestle)",8182,HIGH FIBRE BREAKFAST CEREALS
1919,"Mineral water, flavoured, no added sugar (e.g. Fruit Shoot Hydro, Volvic touch of fruit sugar free)",8381,BOTTLED WATER STILL OR CARBONATED
1920,"Lentil soup, canned",3772,SOUP MANUFACTURED/ RETAIL
1921,Robinson's fruit shoot juiced,11319,SOFT DRINKS LOW CALORIE RTD STILL
1922,Pea and mint soup,2476,SOUP HOMEMADE
1923,"Fruit cocktail, canned in juice",2030,CANNED FRUIT IN JUICE
1924,"Soft scoop Ice cream, flavoured (e.g. raspberry ripple)",727,ICE CREAM
1925,"Fruit cake, light e.g. Genoa",8105,BUNS CAKES & PASTRIES MANUFACTURED
1926,"Fruit gateau, with cream (e.g. strawberry gateaux)",8550,BUNS CAKES & PASTRIES MANUFACTURED
1927,Fruit and nut milk chocolate (e.g. Cadbury fruit & nut),7955,CHOCOLATE CONFECTIONERY
1928,"Tomato, fried",1932,TOMATOES NOT RAW
1929,"Fruit pie, individual",520,FRUIT PIES MANUFACTURED
1930,"Fruit pie, slice from large pie, double crust",6967,FRUIT PIES MANUFACTURED
1931,Fruit shoot,6959,SOFT DRINKS LOW CALORIE RTD STILL
1932,"Fruit cocktail, canned in syrup",2028,CANNED FRUIT IN SYRUP
1933,Cadbury Fudge bar,2256,CHOCOLATE CONFECTIONERY
1934,"Mineral water, still or carbonated, flavoured, with artificial sweetener (e.g. Perfectly clear zero sugar)",5253,SOFT DRINKS LOW CALORIE CARBONATED
1935,High-fibre therapeutic drink (e.g. Fybogel),10375,NUTRITION POWDERS AND DRINKS
1936,"Galaxy caramel, chocolate bar",2256,CHOCOLATE CONFECTIONERY
1937,"Game pie (e.g. venison, rabbit, pheasant)",5707,HOMEMADE MEAT PIES AND PASTRIES
1938,Garlic,1743,SALAD AND OTHER RAW VEGETABLES
1939,Garlic puree/paste,9395,SAVOURY SAUCES PICKLES GRAVIES & CONDIMENTS
1940,Garlic mayonnaise/sauce,6846,SAVOURY SAUCES PICKLES GRAVIES & CONDIMENTS
1941,Cream of tomato soup,6880,SOUP HOMEMADE
1942,"Green/savoy cabbage, cooked",1704,LEAFY GREEN VEGETABLES NOT RAW
1943,"Green/savoy cabbage, raw",1706,SALAD AND OTHER RAW VEGETABLES
1944,Gluten free cornflakes,206,OTHER BREAKFAST CEREALS (NOT HIGH FIBRE)
1945,Gluten free Coco Pops/Snaps,8483,OTHER BREAKFAST CEREALS (NOT HIGH FIBRE)
1946,Gluten free flapjack,261,BISCUITS MANUFACTURED / RETAIL
1947,Gluten free granola,8156,HIGH FIBRE BREAKFAST CEREALS
1948,"Grapefruit juice, 100% juice",2330,FRUIT JUICE
1949,Gluten free muesli,212,HIGH FIBRE BREAKFAST CEREALS
1950,Gluten free biscuit,8872,BISCUITS MANUFACTURED / RETAIL
1951,Gluten free Rice Krispies/Snaps/Pops,7630,OTHER BREAKFAST CEREALS (NOT HIGH FIBRE)
1952,"Grapefruit, canned in syrup",2047,CANNED FRUIT IN SYRUP
1953,"Grapefruit, canned in juice",2049,CANNED FRUIT IN JUICE
1954,Gluten free pasta (e.g. chickpea/cornflour),8716,OTHER PASTA INCLUDING HOMEMADE DISHES
1955,"Gluten free bread, white",8394,OTHER BREAD
1956,Gluten free vegetable lasagne,8784,OTHER VEGETABLES INCLUDING HOMEMADE DISHES
1957,Ghee,856,BUTTER
1958,"Ginger biscuit (e.g. ginger nuts, ginger snaps)",263,BISCUITS MANUFACTURED / RETAIL
1959,Ginger beer (non-alcoholic),7901,SOFT DRINKS NOT LOW CALORIE CARBONATED
1960,"Ginger, ground",2510,SAVOURY SAUCES PICKLES GRAVIES & CONDIMENTS
1961,Glace cherries,2210,SWEET SPREADS FILLINGS AND ICING
1962,Glucose syrup,2202,SUGAR
1963,"Melon, galia",2083,OTHER FRUIT NOT CANNED
1964,Garlic Mushrooms (not breaded),2731,OTHER MANUFACTURED VEGETABLE PRODUCTS INCL RM
1965,Gingerbread/cake (including parkin),7691,BUNS CAKES & PASTRIES MANUFACTURED
1966,"Naan bread, garlic/flavoured",7622,WHITE BREAD (NOT HIGH FIBRE; NOT MULTISEED BREAD)
1967,Gnocchi,6404,OTHER POTATO PRODUCTS & DISHES - MANUFACTURED
1968,Goats cheese,7057,OTHER CHEESE
1969,Dried goji berries,10327,OTHER FRUIT NOT CANNED
1970,Nestle Golden Grahams,9275,HIGH FIBRE BREAKFAST CEREALS
1971,Gooseberries,2037,OTHER FRUIT NOT CANNED
1972,Vegetable goulash,8590,OTHER VEGETABLES INCLUDING HOMEMADE DISHES
1973,"Goats yoghurt, natural",710,YOGURT
1974,"Green pepper, cooked",1824,OTHER VEGETABLES INCLUDING HOMEMADE DISHES
1975,Grapefruit,2045,CITRUS FRUIT NOT CANNED
1976,Garlic pizza bread (e.g. stonebaked),8416,WHITE BREAD (NOT HIGH FIBRE; NOT MULTISEED BREAD)
1977,Green pesto,6036,SAVOURY SAUCES PICKLES GRAVIES & CONDIMENTS
1978,Ground almonds,2169,NUTS AND SEEDS
1979,Crunchy oat cereal (granola) without nuts or fruit (e.g. Quaker oat granola golden crunch),8156,HIGH FIBRE BREAKFAST CEREALS
1980,Grapeseed oil,870,POLYUNSATURATED OILS
1981,"Pink grapefruit juice, 100% juice",2330,FRUIT JUICE
1982,Greengages,2051,OTHER FRUIT NOT CANNED
1983,Gravy,2425,SAVOURY SAUCES PICKLES GRAVIES & CONDIMENTS
1984,"Mackerel, grilled or oven baked",1644,OTHER OILY FISH INCLUDING HOMEMADE DISHES
1985,"Natural yoghurt, greek- style",7741,YOGURT
1986,Garlic bread,7615,WHITE BREAD (NOT HIGH FIBRE; NOT MULTISEED BREAD)
1987,"Lentils, canned",10882,BEANS AND PULSES INCL READY MEAL & HOMEMADE DISHES
1988,"Toast, granary bread",113,BROWN GRANARY AND WHEATGERM BREAD
1989,"Grape juice, 100% juice",2325,FRUIT JUICE
1990,Green Tea,8006,TEA (MADE-UP WEIGHT)
1991,Gruyere cheese,671,OTHER CHEESE
1992,Golden syrup cake,9020,BUNS CAKES & PASTRIES MANUFACTURED
1993,"Gammon steak, fried (fat removed)",907,OTHER BACON AND HAM INCLUDING HOMEMADE DISHES
1994,Granary bread,112,BROWN GRANARY AND WHEATGERM BREAD
1995,"Bacon/gammon joint, boiled (fat removed)",904,OTHER BACON AND HAM INCLUDING HOMEMADE DISHES
1996,Golden syrup,2206,SUGAR
1997,"Goats milk, semi skimmed",10397,OTHER MILK
1998,"Tomato, grilled",1935,TOMATOES NOT RAW
1999,Guacamole,8121,OTHER MANUFACTURED VEGETABLE PRODUCTS INCL RM
2000,Guava,2057,OTHER FRUIT NOT CANNED
2001,"Gravy made from granules, reduced salt",10146,SAVOURY SAUCES PICKLES GRAVIES & CONDIMENTS
2002,Haggis,1251,OTHER MEAT PRODUCTS MANUFACTURED INCL READY MEALS
2003,"Hake, grilled or oven baked",10223,OTHER WHITE FISH INCLUDING HOMEMADE DISHES
2004,"Halloumi cheese, reduced fat",669,OTHER CHEESE
2005,Halloumi cheese,6981,OTHER CHEESE
2006,"Haricot beans, canned",10791,BEANS AND PULSES INCL READY MEAL & HOMEMADE DISHES
2007,Haribo (sweets),2259,SUGAR CONFECTIONERY
2008,"Meat pizza (e.g. Hawaiian, pepperoni, meat feast)",10029,PIZZA
2009,"Haddock in breadcrumb/batter, grilled or oven baked",9524,WHITE FISH COATED OR FRIED
2010,Hamburger relish,2418,SAVOURY SAUCES PICKLES GRAVIES & CONDIMENTS
2011,"Halibut, steamed",1448,OTHER WHITE FISH INCLUDING HOMEMADE DISHES
2012,"Beef burger/hamburger, in a bun, not quarter pounder (homemade)",11596,OTHER BEEF & VEAL INCLUDING HOMEMADE RECIPE DISHES
2013,"Ham, tinned",1236,OTHER BACON AND HAM INCLUDING HOMEMADE DISHES
2014,Hot cross bun,8123,BUNS CAKES & PASTRIES MANUFACTURED
2015,Go Ahead crispy slices,8101,BISCUITS MANUFACTURED / RETAIL
2016,Yoghurt coated biscuit bar (e.g. Go Ahead Yoghurt break),8136,BISCUITS MANUFACTURED / RETAIL
2017,"Rice pudding, low fat, canned",11012,CEREAL BASED MILK PUDDINGS - MANUFACTURED
2018,"Creme fraiche, reduced fat",6985,CREAM (INCLUDING IMITATION CREAM)
2019,"Heinz Farley's original rusks, including mini rusks",10970,COMMERCIAL TODDLERS FOODS
2020,Ham hock,11458,OTHER PORK INCLUDING HOMEMADE RECIPE DISHES
2021,"Blackcurrant juice drink, ready to drink",8455,SOFT DRINKS NOT LOW CALORIE RTD STILL
2022,"Melon, honeydew",2083,OTHER FRUIT NOT CANNED
2023,Ham sandwich with white/malted bread,11450,SANDWICHES
2024,Honeycomb,2213,PRESERVES
2025,Crunchy honey nut cornflakes (supermarket brands),10513,OTHER BREAKFAST CEREALS (NOT HIGH FIBRE)
2026,Honey,2214,PRESERVES
2027,Nestle Honey Cheerios,9275,HIGH FIBRE BREAKFAST CEREALS
2028,"Cereal bar, low calorie (e.g. Alpen light bar)",8022,BISCUITS MANUFACTURED / RETAIL
2029,"Cheesecake, reduced fat",5474,OTHER CEREAL BASED PUDDINGS - MANUFACTURED
2030,Reduced fat/light biscuits (e.g. Mcvities light digestive),8989,BISCUITS MANUFACTURED / RETAIL
2031,"Curry sauce, reduced fat",3930,SAVOURY SAUCES PICKLES GRAVIES & CONDIMENTS
2032,"Garlic bread, reduced fat",6839,WHITE BREAD (NOT HIGH FIBRE; NOT MULTISEED BREAD)
2033,"Ice cream, reduced fat",7758,ICE CREAM
2034,Hoisin sauce,3982,SAVOURY SAUCES PICKLES GRAVIES & CONDIMENTS
2035,"Hoki, grilled or oven baked",10306,OTHER WHITE FISH INCLUDING HOMEMADE DISHES
2036,Hollandaise sauce,2755,SAVOURY SAUCES PICKLES GRAVIES & CONDIMENTS
2037,"Oven chips, reduced fat",4036,CHIPS PURCHASED INCLUDING TAKEAWAY
2038,Horseradish sauce,2428,SAVOURY SAUCES PICKLES GRAVIES & CONDIMENTS
2039,"Hot chocolate, made with alternative milks (e.g. soya milk)",11589,OTHER MILK
2040,"Horlicks/Ovaltine, made with milk",10724,OTHER MILK
2041,"Luncheon meat/chopped pork, canned (e.g. spam)",1237,OTHER MEAT PRODUCTS MANUFACTURED INCL READY MEALS
2042,Bierwurst/garlic sausage,1337,OTHER MEAT PRODUCTS MANUFACTURED INCL READY MEALS
2043,"Weetabix, high protein",225,HIGH FIBRE BREAKFAST CEREALS
2044,Beef & vegetable hot pot/hotpot,5313,MANUFACTURED BEEF PRODUCTS INCLUDING READY MEALS
2045,"Herring, fried",1487,OTHER OILY FISH INCLUDING HOMEMADE DISHES
2046,"Herring, grilled",1495,OTHER OILY FISH INCLUDING HOMEMADE DISHES
2047,Honey roasted peanuts,6011,NUTS AND SEEDS
2048,"Hash browns, fried",1879,OTHER MANUFACTURED POTATO PRODUCTS FRIED/BAKED
2049,"Hash browns, grilled / baked",1883,OTHER MANUFACTURED POTATO PRODUCTS FRIED/BAKED
2050,Herbal/ Fruit tea,7000,HERBAL TEA (MADE-UP WEIGHT)
2051,Houmous/hummus,1817,BEANS AND PULSES INCL READY MEAL & HOMEMADE DISHES
2052,"Ham, not smoked",9508,OTHER BACON AND HAM INCLUDING HOMEMADE DISHES
2053,"Vegetable hot pot/hotpot, ready meal (e.g. Weight Watchers), reduced fat",8590,OTHER VEGETABLES INCLUDING HOMEMADE DISHES
2054,Honey coated puffed wheat breakfast cereal (e.g. Honey Monster Puffs),224,OTHER BREAKFAST CEREALS (NOT HIGH FIBRE)
2055,Hazelnuts,2186,NUTS AND SEEDS
2056,Iced bun,8125,BUNS CAKES & PASTRIES MANUFACTURED
2057,Iced coffee/frappe with added sugar,7891,OTHER MILK
2058,Iced biscuit (e.g.iced gems),8201,BISCUITS MANUFACTURED / RETAIL
2059,Iced tea,10158,SOFT DRINKS NOT LOW CALORIE RTD STILL
2060,"Ice cream topping sauce (e.g. strawberry, chocolate)",2227,SWEET SPREADS FILLINGS AND ICING
2061,Icing sugar,2205,SUGAR
2062,Instant mousse dessert (made with milk) (e.g. Angel Delight),3179,CEREAL BASED MILK PUDDINGS - MANUFACTURED
2063,Iced ring doughnut,7679,BUNS CAKES & PASTRIES MANUFACTURED
2064,Iced lemon/angel cake slice (e.g. Mr Kipling),329,BUNS CAKES & PASTRIES MANUFACTURED
2065,"Ice lolly, juice-based (e.g. Fruit Pastilles)",2262,SUGAR CONFECTIONERY
2066,"Instant potato powder, e.g. smash",2642,OTHER POTATO PRODUCTS & DISHES - MANUFACTURED
2067,Low fat individual dessert (e.g. Weight Watchers banoffee dessert),4032,OTHER CEREAL BASED PUDDINGS - MANUFACTURED
2068,Irn bru,8325,SOFT DRINKS NOT LOW CALORIE CARBONATED
2069,Irish stew,1005,OTHER LAMB INCLUDING HOMEMADE RECIPE DISHES
2070,Choc ice containing caramel and nuts (e.g. Snickers),8226,ICE CREAM
2071,Isotonic sport drink (e.g. Lucozade sport),8888,SOFT DRINKS NOT LOW CALORIE RTD STILL
2072,"Steak pie, slice from a large pie (including steak and kidney)",8087,MANUFACTURED MEAT PIES AND PASTRIES
2073,"Chilli peppers, cooked (including jalapenos, chipotle)",1825,SALAD AND OTHER RAW VEGETABLES
2074,"Jam/conserve, berries (e.g. strawberry)",2215,PRESERVES
2075,"Jam/conserve, stone fruit (e.g. apricot)",2217,PRESERVES
2076,"Jam/conserve, reduced sugar",2216,PRESERVES
2077,Jelly babies,7965,SUGAR CONFECTIONERY
2078,Cereal bar with fruit only,10057,BISCUITS MANUFACTURED / RETAIL
2079,Jam doughnut,324,BUNS CAKES & PASTRIES MANUFACTURED
2080,"Jelly, reduced sugar",7704,OTHER CEREAL BASED PUDDINGS - HOMEMADE
2081,Jelly,553,OTHER CEREAL BASED PUDDINGS - HOMEMADE
2082,Jerk seasoning,2505,SAVOURY SAUCES PICKLES GRAVIES & CONDIMENTS
2083,Jaffa Cakes,7661,BISCUITS MANUFACTURED / RETAIL
2084,Japanese rice crackers,3267,BISCUITS MANUFACTURED / RETAIL
2085,"Jam tart, individual",340,BUNS CAKES & PASTRIES MANUFACTURED
2086,J2O,2358,SOFT DRINKS NOT LOW CALORIE RTD STILL
2087,"Kale, cooked",1708,LEAFY GREEN VEGETABLES NOT RAW
2088,"Kale, raw (e.g. in salad)",1707,SALAD AND OTHER RAW VEGETABLES
2089,Doner kebab (meat and pitta only),8146,BURGERS AND KEBABS PURCHASED
2090,Kelloggs Special K Biscuit Moments,8136,BISCUITS MANUFACTURED / RETAIL
2091,Kinder Bueno,8021,CHOCOLATE CONFECTIONERY
2092,"Kidney beans, canned",10787,BEANS AND PULSES INCL READY MEAL & HOMEMADE DISHES
2093,Kedgeree,1620,OTHER WHITE FISH INCLUDING HOMEMADE DISHES
2094,"Plain yoghurt drink (e.g. plain Kefir, Lassi, Ayran)",702,YOGURT
2095,"Salt and shake crisps, salt not consumed (e.g. Smiths)",10004,CRISPS AND SAVOURY SNACKS
2096,"Naan bread, kheema",10196,MANUFACTURED LAMB PRODUCTS INCLUDING READY MEALS
2097,Chicken kiev,3680,MANUFACTURED COATED CHICKEN / TURKEY PRODUCTS
2098,Kinder chocolate bar,8021,CHOCOLATE CONFECTIONERY
2099,Time Out bar,2277,CHOCOLATE CONFECTIONERY
2100,Skimmed milk,11519,SKIMMED MILK
2101,Throat sweets / lozenges (e.g. Strepsils),2251,SUGAR CONFECTIONERY
2102,Kipper,1502,OTHER OILY FISH INCLUDING HOMEMADE DISHES
2103,Peanuts and raisins,2630,NUTS AND SEEDS
2104,"Peanuts, salted",2193,NUTS AND SEEDS
2105,Kellogg's Krave,11149,OTHER BREAKFAST CEREALS (NOT HIGH FIBRE)
2106,Kit Kat / Kit Kat Chunky (including supermarket own brand equivalents),2277,CHOCOLATE CONFECTIONERY
2107,"Kulfi, indian ice cream",7760,ICE CREAM
2108,Kumquats,2711,OTHER FRUIT NOT CANNED
2109,Kwenchy cup,8144,SOFT DRINKS NOT LOW CALORIE RTD STILL
2110,Kiwi fruit,2061,OTHER FRUIT NOT CANNED
2111,"Lamb balti, curry",5592,OTHER LAMB INCLUDING HOMEMADE RECIPE DISHES
2112,Lamb burger (no bun),8264,BURGERS AND KEBABS PURCHASED
2113,"Lamb bhuna, curry",5592,OTHER LAMB INCLUDING HOMEMADE RECIPE DISHES
2114,"Lamb dhansak, curry",1328,OTHER BEEF & VEAL INCLUDING HOMEMADE RECIPE DISHES
2115,"Yoghurt, sugar and fat free (e.g. Danone Light and Free)",2701,YOGURT
2116,"Lamb jalfrezi, curry",5592,OTHER LAMB INCLUDING HOMEMADE RECIPE DISHES
2117,Lamb kebab (meat only),1009,OTHER LAMB INCLUDING HOMEMADE RECIPE DISHES
2118,"Lamb korma, curry",9477,OTHER LAMB INCLUDING HOMEMADE RECIPE DISHES
2119,"Lambs liver, fried",1191,LIVER AND DISHES
2120,Liquorice allsorts (e.g. candy covered liquorice),2263,SUGAR CONFECTIONERY
2121,"Lamb madras, curry",5592,OTHER LAMB INCLUDING HOMEMADE RECIPE DISHES
2122,"Lamb curry, homemade",5592,OTHER LAMB INCLUDING HOMEMADE RECIPE DISHES
2123,Lancashire/Lamb hot pot/hotpot,5317,OTHER LAMB INCLUDING HOMEMADE RECIPE DISHES
2124,"Lamb pasanda, curry",6919,OTHER LAMB INCLUDING HOMEMADE RECIPE DISHES
2125,Lard,858,OTHER COOKING FATS AND OILS NOT PUFA
2126,"Lamb rogan josh, curry",5592,OTHER LAMB INCLUDING HOMEMADE RECIPE DISHES
2127,Lasagne sheets (uncooked),33,OTHER PASTA INCLUDING HOMEMADE DISHES
2128,"Flavoured yoghurt drink (e.g. flavoured Kefir, Lassi, Yop)",3901,YOGURT
2129,"Latte coffee, made with skimmed milk (skinny latte)",8058,COFFEE (MADE-UP WEIGHT)
2130,Latte coffee,10729,COFFEE (MADE-UP WEIGHT)
2131,"Latte coffee, made with soya milk",10727,COFFEE (MADE-UP WEIGHT)
2132,"Lamb tikka masala, curry",5592,OTHER LAMB INCLUDING HOMEMADE RECIPE DISHES
2133,"Bacon, back/middle, unsmoked, grilled (fat removed)",9464,OTHER BACON AND HAM INCLUDING HOMEMADE DISHES
2134,"Stewing lamb, uncooked",1012,OTHER LAMB INCLUDING HOMEMADE RECIPE DISHES
2135,Low calorie oil spray (e.g. Frylight),874,OTHER COOKING FATS AND OILS NOT PUFA
2136,Choc ice containing caramel (e.g. Mars),8226,ICE CREAM
2137,"Alcohol free lager / beer, 0% abv (e.g. Becks Blue)",8345,LOW ALCOHOL & ALCOHOL FREE BEER & LAGER
2138,Low-calorie soup (e.g. Weight Watchers),2492,SOUP MANUFACTURED/ RETAIL
2139,Lucky charms / Fruit loops,10123,OTHER BREAKFAST CEREALS (NOT HIGH FIBRE)
2140,"Lucozade Energy (including Original, Orange, Pink Lemonade)",3893,SOFT DRINKS NOT LOW CALORIE CARBONATED
2141,"Vegetable curry, with lentils",3706,BEANS AND PULSES INCL READY MEAL & HOMEMADE DISHES
2142,Lentil dahl / Tarka dahl,5823,BEANS AND PULSES INCL READY MEAL & HOMEMADE DISHES
2143,Leicestershire cheese (e.g. Red Leicester),672,OTHER CHEESE
2144,Freshly squeezed lemon juice,2064,FRUIT JUICE
2145,Lemon,2063,CITRUS FRUIT NOT CANNED
2146,Lemon meringue pie,7708,BUNS CAKES & PASTRIES MANUFACTURED
2147,"Orange /citrus/pineapple juice drink, ready to drink, no added sugar",8472,SOFT DRINKS LOW CALORIE RTD STILL
2148,Lentil soup,2469,SOUP HOMEMADE
2149,Lemon peel/zest,9213,CITRUS FRUIT NOT CANNED
2150,"Thyme, fresh",11170,SALAD AND OTHER RAW VEGETABLES
2151,"Beef burger, reduced fat, grilled (no bun)",1382,BURGERS AND KEBABS PURCHASED
2152,"Soft cheese, reduced fat (e.g. Philadelphia Light/Extra Light)",6979,OTHER CHEESE
2153,Low fat crisps,2691,CRISPS AND SAVOURY SNACKS
2154,Lactose free cream,638,CREAM (INCLUDING IMITATION CREAM)
2155,"Cake slice, reduced fat (e.g. Weight Watchers)",6061,BUNS CAKES & PASTRIES MANUFACTURED
2156,"Flapjack, Reduced fat",10064,BISCUITS MANUFACTURED / RETAIL
2157,"Fromage frais, fruit (incl. children's) not fortified (e.g. value type, Little Yeos)",5254,FROMAGE FRAIS AND DAIRY DESSERTS MANUFACTURED
2158,"Yoplait Frubes/Wildlife Choobs, yoghurt tubes",11311,FROMAGE FRAIS AND DAIRY DESSERTS MANUFACTURED
2159,Reduced fat hard cheese (e.g. Cheddar/Cheshire),10543,CHEDDAR CHEESE
2160,"Pate, reduced fat",3334,LIVER AND DISHES
2161,"Natural yoghurt, low fat",705,YOGURT
2162,"Lower calorie pizza (e.g. Delight, Leggera), vegetarian, takeaway/restaurant",2743,PIZZA
2163,"Pork Sausage, reduced fat",1283,OTHER SAUSAGES INCLUDING HOMEMADE DISHES
2164,"Salad dressing, low fat/fat free",9399,SAVOURY SAUCES PICKLES GRAVIES & CONDIMENTS
2165,"Spaghetti bolognese, ready meal, reduced fat (e.g. Weight Watchers)",9300,MANUFACTURED BEEF PRODUCTS INCLUDING READY MEALS
2166,Lactose-free cheese,10958,OTHER CHEESE
2167,Lactose free skimmed milk (e.g. Lactofree),11606,OTHER MILK
2168,"Vegetable lasagne, low fat (eg Sainsbury's Be Good to Yourself)",8784,OTHER VEGETABLES INCLUDING HOMEMADE DISHES
2169,Lactose free whole milk (e.g. Lactofree),10932,OTHER MILK
2170,Lactose free yoghurt,704,YOGURT
2171,"Fruit yoghurt, low fat",704,YOGURT
2172,Lilt,8328,SOFT DRINKS NOT LOW CALORIE CARBONATED
2173,Lime,2063,CITRUS FRUIT NOT CANNED
2174,Freshly squeezed lime juice,2065,CITRUS FRUIT NOT CANNED
2175,"Spaghetti/tagliatelle, white or tricolore, dried (uncooked)",33,OTHER PASTA INCLUDING HOMEMADE DISHES
2176,Linseed (flaxseed) oil,873,POLYUNSATURATED OILS
2177,"Chocolate covered bar with caramel and cereal (e.g. Lion bar, Picnic, Toffee Crisp)",10564,CHOCOLATE CONFECTIONERY
2178,Lime pickle,2429,SAVOURY SAUCES PICKLES GRAVIES & CONDIMENTS
2179,Liver Sausage,1259,LIVER AND DISHES
2180,"Lime cordial, with ADDED SUGAR, diluted",11579,SOFT DRINKS NOT LOW CALORIE CONCENTRATED
2181,Linseeds (flaxseeds),9741,NUTS AND SEEDS
2182,Pate (e.g. brussels liver pate / duck and orange pate),1258,LIVER AND DISHES
2183,"Leek, cooked",1756,OTHER VEGETABLES INCLUDING HOMEMADE DISHES
2184,"Leek, fried",9311,OTHER VEGETABLES INCLUDING HOMEMADE DISHES
2185,Coffee Mate Light,8213,OTHER MILK
2186,Lemon cake (e.g. lemon drizzle),5377,BUNS CAKES & PASTRIES HOMEMADE
2187,Roast/grilled chicken breast (skin not eaten),5127,OTHER CHICKEN / TURKEY INCL HOMEMADE RECIPE DISHES
2188,Roast/grilled chicken drumstick/wing (skin not eaten),5127,OTHER CHICKEN / TURKEY INCL HOMEMADE RECIPE DISHES
2189,"Lamb chop/cutlet, grilled, fat eaten",982,OTHER LAMB INCLUDING HOMEMADE RECIPE DISHES
2190,"Luncheon meat, not canned",1237,OTHER MEAT PRODUCTS MANUFACTURED INCL READY MEALS
2191,Lemonade (including cloudy varieties),2322,SOFT DRINKS NOT LOW CALORIE CARBONATED
2192,Lentils,1758,BEANS AND PULSES INCL READY MEAL & HOMEMADE DISHES
2193,Lobster boiled,1565,OTHER SHELLFISH INCLUDING HOMEMADE DISHES
2194,"Cranberry fruit juice drink, with no added sugar",3895,SOFT DRINKS LOW CALORIE RTD STILL
2195,Loganberries,2066,OTHER FRUIT NOT CANNED
2196,Lollipops (e.g. Chupa Chups),2251,SUGAR CONFECTIONERY
2197,Salted popcorn,4408,CRISPS AND SAVOURY SNACKS
2198,Liquorice shapes,8545,SUGAR CONFECTIONERY
2199,Nestle Oat Cheerios (low sugar),8103,HIGH FIBRE BREAKFAST CEREALS
2200,Lemon sole in breadcrumb/batter,7815,WHITE FISH COATED OR FRIED
2201,Lactose free semi skimmed milk  (e.g. Lactofree),9493,OTHER MILK
2202,"Lemon sole, grilled or oven baked",9259,OTHER WHITE FISH INCLUDING HOMEMADE DISHES
2203,Lettuce,1762,SALAD AND OTHER RAW VEGETABLES
2204,Lychees,2072,OTHER FRUIT NOT CANNED
2205,Macaroons,348,BISCUITS MANUFACTURED / RETAIL
2206,Mace,9217,SAVOURY SAUCES PICKLES GRAVIES & CONDIMENTS
2207,Macadamia nuts,7304,NUTS AND SEEDS
2208,Macaroni cheese pie,8049,PASTA MANUFACTURED PRODUCTS & READY MEALS
2209,Mackerel pate,1639,MANUFACTURED OILY FISH PRODUCTS INCL READY MEALS
2210,Malteser bunny,2275,CHOCOLATE CONFECTIONERY
2211,"Semi-sweet biscuit (e.g. Rich Tea, Morning Coffee)",269,BISCUITS MANUFACTURED / RETAIL
2212,Manchego cheese,676,OTHER CHEESE
2213,"Mango, frozen",2078,OTHER FRUIT NOT CANNED
2214,Maple and pecan plait,318,BUNS CAKES & PASTRIES MANUFACTURED
2215,Marrow,1765,OTHER VEGETABLES INCLUDING HOMEMADE DISHES
2216,"Spreadable butter, salted (e.g. Anchor, Lurpak)",9407,BUTTER
2217,Marjoram,9781,SAVOURY SAUCES PICKLES GRAVIES & CONDIMENTS
2218,Marmalade,8559,PRESERVES
2219,"Marrow, raw",1764,SALAD AND OTHER RAW VEGETABLES
2220,Mars bar (including supermarket brand equivalents),2265,CHOCOLATE CONFECTIONERY
2221,Marzipan,2224,SWEET SPREADS FILLINGS AND ICING
2222,Matchmakers (e.g. mint/orange),7972,CHOCOLATE CONFECTIONERY
2223,Coffee mate,7717,OTHER MILK
2224,Smoked Sausage,11525,OTHER SAUSAGES INCLUDING HOMEMADE DISHES
2225,Matzos,266,BISCUITS MANUFACTURED / RETAIL
2226,"Malt Wheats (Shreddies), supermarket brands",10510,HIGH FIBRE BREAKFAST CEREALS
2227,"Diet Coca-Cola, e.g. Coke Zero, Pepsi Max",7897,SOFT DRINKS LOW CALORIE CARBONATED
2228,Mayonnaise (e.g. Hellmans),2432,SAVOURY SAUCES PICKLES GRAVIES & CONDIMENTS
2229,"Meatballs, canned in sauce",10208,MANUFACTURED PORK PRODUCTS INCLUDING READY MEALS
2230,Minced beef pie (including beef and potato),1292,MANUFACTURED MEAT PIES AND PASTRIES
2231,"Minced beef, stewed, with vegetables and gravy",946,OTHER BEEF & VEAL INCLUDING HOMEMADE RECIPE DISHES
2232,"Milkshake / Milk drink, chocolate flavour",8212,OTHER MILK
2233,"Minced beef, stewed",942,OTHER BEEF & VEAL INCLUDING HOMEMADE RECIPE DISHES
2234,Milk chocolate buttons,2254,CHOCOLATE CONFECTIONERY
2235,McDonald's Single Cheeseburger,1333,BURGERS AND KEBABS PURCHASED
2236,McDonald's McChicken sandwich / burger,5262,MANUFACTURED COATED CHICKEN / TURKEY PRODUCTS
2237,Mango chutney,2419,SAVOURY SAUCES PICKLES GRAVIES & CONDIMENTS
2238,"Chicken goujon/nugget/dipper, breaded/coated, fried",8254,MANUFACTURED COATED CHICKEN / TURKEY PRODUCTS
2239,"Macaroni cheese, homemade",819,OTHER PASTA INCLUDING HOMEMADE DISHES
2240,Milk chocolate raisins,7958,CHOCOLATE CONFECTIONERY
2241,"Macaroni cheese, canned",38,PASTA MANUFACTURED PRODUCTS & READY MEALS
2242,"Minced turkey, stewed",5300,OTHER CHICKEN / TURKEY INCL HOMEMADE RECIPE DISHES
2243,"Fruit pie, fried (e.g. McDonalds apple pie)",586,FRUIT PIES MANUFACTURED
2244,Sweet potato mash,1930,OTHER VEGETABLES INCLUDING HOMEMADE DISHES
2245,Meat chop suey,5617,OTHER BEEF & VEAL INCLUDING HOMEMADE RECIPE DISHES
2246,Chinese dumpling / wontons,6156,OTHER PORK INCLUDING HOMEMADE RECIPE DISHES
2247,Mediterranean roasted vegetables,6602,OTHER VEGETABLES INCLUDING HOMEMADE DISHES
2248,Melba toast,258,BISCUITS MANUFACTURED / RETAIL
2249,Medium liqueur (e.g. Tia Maria),2399,LIQUEURS
2250,Soft-centred mints (e.g. Mentos),7983,SUGAR CONFECTIONERY
2251,"Vegetarian chicken-style nuggets/goujons, in breadcrumbs (e.g. Quorn nuggets)",8055,MEAT ALTERNATIVES INCL READY MEALS & HOMEMADE DISH
2252,"Mixed fruit juice, (e.g. Tropicana), 100% juice",2357,FRUIT JUICE
2253,"Mixed fruit juice drink, ready to drink, no added sugar (e.g. Oasis zero)",8029,SOFT DRINKS LOW CALORIE RTD STILL
2254,Vegetarian scotch egg (e.g. Quorn),10592,MEAT ALTERNATIVES INCL READY MEALS & HOMEMADE DISH
2255,"Vegetarian sausage roll, meat style (e.g. Quorn)",9209,MEAT ALTERNATIVES INCL READY MEALS & HOMEMADE DISH
2256,Boulder type cereal (e.g. Nestle Golden Nuggets),8169,OTHER BREAKFAST CEREALS (NOT HIGH FIBRE)
2257,"Multigrain hoops (cheerios), supermarket brands",10123,OTHER BREAKFAST CEREALS (NOT HIGH FIBRE)
2258,Magnum classic or white,8225,ICE CREAM
2259,"Mange tout, fried",2650,PEAS NOT RAW
2260,"Mange tout, raw",8812,SALAD AND OTHER RAW VEGETABLES
2261,Mint imperials,8307,SUGAR CONFECTIONERY
2262,Mint,9230,SAVOURY SAUCES PICKLES GRAVIES & CONDIMENTS
2263,Teriyaki sauce,2444,SAVOURY SAUCES PICKLES GRAVIES & CONDIMENTS
2264,Chocolate tart/torte,10447,BUNS CAKES & PASTRIES MANUFACTURED
2265,"Mixed berries, frozen",8211,OTHER FRUIT NOT CANNED
2266,"Mackerel, fried",1511,OTHER OILY FISH INCLUDING HOMEMADE DISHES
2267,"Mackerel fillet, in brine, canned",1517,MANUFACTURED OILY FISH PRODUCTS INCL READY MEALS
2268,"Mackerel fillet, in oil, canned",1515,MANUFACTURED OILY FISH PRODUCTS INCL READY MEALS
2269,"Mackerel fillet, in a tomato sauce, canned",1518,MANUFACTURED OILY FISH PRODUCTS INCL READY MEALS
2270,"Beef lasagne, homemade",1348,OTHER BEEF & VEAL INCLUDING HOMEMADE RECIPE DISHES
2271,Custard/cream slice,386,BUNS CAKES & PASTRIES MANUFACTURED
2272,"Minced lamb, stewed, with vegetables and gravy",946,OTHER BEEF & VEAL INCLUDING HOMEMADE RECIPE DISHES
2273,Meal replacement shake (e.g. Slimfast),2739,NUTRITION POWDERS AND DRINKS
2274,Maltesers (including supermarket brand equivalents),2275,CHOCOLATE CONFECTIONERY
2275,Marshmallows,2264,SUGAR CONFECTIONERY
2276,Sweet mince pie (filled with dried fruit),10077,BUNS CAKES & PASTRIES MANUFACTURED
2277,"Moussaka, home made",1350,OTHER BEEF & VEAL INCLUDING HOMEMADE RECIPE DISHES
2278,"Muesli, Swiss style, no added sugar",214,HIGH FIBRE BREAKFAST CEREALS
2279,Mini cheddars,251,BISCUITS MANUFACTURED / RETAIL
2280,Munchies (chocolate & caramel biscuit bites),2276,CHOCOLATE CONFECTIONERY
2281,"Minced lamb, stewed",9441,OTHER LAMB INCLUDING HOMEMADE RECIPE DISHES
2282,"Mango juice drink, ready to drink (e.g. Rubicon)",9157,SOFT DRINKS NOT LOW CALORIE RTD STILL
2283,Mango,2078,OTHER FRUIT NOT CANNED
2284,Mini milk ice lolly,7761,ICE CREAM
2285,"M&M's, peanut",7956,CHOCOLATE CONFECTIONERY
2286,"M&M's, chocolate",7961,CHOCOLATE CONFECTIONERY
2287,Minstrels,7961,CHOCOLATE CONFECTIONERY
2288,Mint sauce,2435,SAVOURY SAUCES PICKLES GRAVIES & CONDIMENTS
2289,Gouda cheese,670,OTHER CHEESE
2290,"Monkfish, grilled or ovenbaked",2722,OTHER WHITE FISH INCLUDING HOMEMADE DISHES
2291,Energy drink (e.g. Monster),5545,SOFT DRINKS NOT LOW CALORIE CARBONATED
2292,Mocha coffee made with skimmed milk (skinny mocha),8060,COFFEE (MADE-UP WEIGHT)
2293,Mocha coffee without cream,10785,COFFEE (MADE-UP WEIGHT)
2294,Mocha coffee with cream,8061,COFFEE (MADE-UP WEIGHT)
2295,"Mozzarella cheese, reduced fat",10590,OTHER CHEESE
2296,Mozzarella cheese,675,OTHER CHEESE
2297,"Mixed peppers, cooked",7989,OTHER VEGETABLES INCLUDING HOMEMADE DISHES
2298,Mushy peas,1811,PEAS NOT RAW
2299,Crunchy oat cereal (granola) with nuts (e.g. Jordans country crisp with nuts),5328,OTHER BREAKFAST CEREALS (NOT HIGH FIBRE)
2300,"Rice pudding / semolina, canned",559,CEREAL BASED MILK PUDDINGS - MANUFACTURED
2301,"Mixed peppers, fried",9619,OTHER VEGETABLES INCLUDING HOMEMADE DISHES
2302,Pork pie,1304,MANUFACTURED MEAT PIES AND PASTRIES
2303,"Mixed peppers, roasted",9619,OTHER VEGETABLES INCLUDING HOMEMADE DISHES
2304,"Mixed peppers, raw",7857,SALAD AND OTHER RAW VEGETABLES
2305,"Meat pizza (e.g. Hawaiian, pepperoni, meat feast), stuffed crust",10034,PIZZA
2306,"Meat based quiche (e.g. quiche lorraine), reduced fat",8565,MANUFACTURED EGG PRODUCTS INCLUDING READY MEALS
2307,Marmite,2431,SAVOURY SAUCES PICKLES GRAVIES & CONDIMENTS
2308,Meringue,350,MANUFACTURED EGG PRODUCTS INCLUDING READY MEALS
2309,"Marmalade, reduced sugar",2223,PRESERVES
2310,Mr whippy style ice cream,728,ICE CREAM
2311,Meat samosas,1354,MANUFACTURED MEAT PIES AND PASTRIES
2312,"Mini sweetcorn / sweet corn (babycorn), cooked",8370,OTHER VEGETABLES INCLUDING HOMEMADE DISHES
2313,"Mini sweetcorn / sweet corn (babycorn), raw",8370,OTHER VEGETABLES INCLUDING HOMEMADE DISHES
2314,Millionaire/caramel shortbread,8672,BISCUITS MANUFACTURED / RETAIL
2315,"Muesli, Swiss style, with added sugar (e.g. Alpen original)",212,HIGH FIBRE BREAKFAST CEREALS
2316,Miso soup,3669,SOUP HOMEMADE
2317,Spring roll with meat and vegetables,9859,MANUFACTURED MEAT PIES AND PASTRIES
2318,"Mushrooms, cooked",1779,OTHER VEGETABLES INCLUDING HOMEMADE DISHES
2319,Minestrone soup,8890,SOUP HOMEMADE
2320,Maple syrup,8068,SUGAR
2321,"Pork/pork and beef meatballs, grilled or oven baked",8012,MANUFACTURED PORK PRODUCTS INCLUDING READY MEALS
2322,"Mange tout, cooked",2650,PEAS NOT RAW
2323,Mixed toffees / liquorice toffees,2272,SUGAR CONFECTIONERY
2324,Mixed pizza (e.g. chicken and bacon),10032,PIZZA
2325,Mushroom curry / mushroom bhaji,5375,OTHER VEGETABLES INCLUDING HOMEMADE DISHES
2326,Munch Bunch fromage frais,10276,FROMAGE FRAIS AND DAIRY DESSERTS MANUFACTURED
2327,Multigrain crispbreads (e.g. Ryvita),256,BISCUITS MANUFACTURED / RETAIL
2328,"English style bread muffin, white",152,WHITE BREAD (NOT HIGH FIBRE; NOT MULTISEED BREAD)
2329,Mulberries,2087,OTHER FRUIT NOT CANNED
2330,Mung beans,8809,BEANS AND PULSES INCL READY MEAL & HOMEMADE DISHES
2331,Mustard powder,2512,SAVOURY SAUCES PICKLES GRAVIES & CONDIMENTS
2332,Hard mints (e.g. humbugs),2251,SUGAR CONFECTIONERY
2333,Mushroom sauce,8584,SAVOURY SAUCES PICKLES GRAVIES & CONDIMENTS
2334,"Mussels, boiled",1568,OTHER SHELLFISH INCLUDING HOMEMADE DISHES
2335,"Mixed vegetables, canned",10800,OTHER VEGETABLES INCLUDING HOMEMADE DISHES
2336,"Mixed vegetables, cooked from frozen",1771,OTHER VEGETABLES INCLUDING HOMEMADE DISHES
2337,"Vinegar (e.g. malt, balsamic, wine)",2525,SAVOURY SAUCES PICKLES GRAVIES & CONDIMENTS
2338,Milky way (including supermarket own brand equivalents),7959,CHOCOLATE CONFECTIONERY
2339,Microwave chips (e.g. McCains),7863,CHIPS PURCHASED INCLUDING TAKEAWAY
2340,Medium white wine,8355,WINE
2341,Mixed berries,11456,OTHER FRUIT NOT CANNED
2342,"Mixed meat kebab (meat, pitta and salad)",1344,BURGERS AND KEBABS PURCHASED
2343,"Mixed nuts, unsalted",2188,NUTS AND SEEDS
2344,"Mixed leaf salad, no dressing",8084,SALAD AND OTHER RAW VEGETABLES
2345,Mixed spices,2505,SAVOURY SAUCES PICKLES GRAVIES & CONDIMENTS
2346,Light mayonnaise (e.g. Hellmans light),2433,SAVOURY SAUCES PICKLES GRAVIES & CONDIMENTS
2347,"Naan bread, sweet (e.g. peshwari)",6135,OTHER BREAD
2348,"Nachos, with cheese and salsa",6996,OTHER CEREALS
2349,"Fruit bars, no added sugar (e.g. nakd bars)",10554,OTHER FRUIT NOT CANNED
2350,"Dairy free / vegan ice cream, soya-based (e.g. Swedish Glace)",9053,ICE CREAM
2351,Nectarine,2088,OTHER FRUIT NOT CANNED
2352,Nesquik chocolate cereal,5199,HIGH FIBRE BREAKFAST CEREALS
2353,Nik naks (crisps),10232,CRISPS AND SAVOURY SNACKS
2354,"New potatoes, without skins",8294,OTHER POTATOES INCLUDING HOMEMADE DISHES
2355,"New potatoes, skins eaten",1830,OTHER POTATOES INCLUDING HOMEMADE DISHES
2356,"New potatoes (baby potatoes), canned",10799,OTHER POTATO PRODUCTS & DISHES - MANUFACTURED
2357,Vegetarian nut roast,8587,MEAT ALTERNATIVES INCL READY MEALS & HOMEMADE DISH
2358,Nougat,7976,SUGAR CONFECTIONERY
2359,"Vegetarian burger, nut-based (no bun)",8587,MEAT ALTERNATIVES INCL READY MEALS & HOMEMADE DISH
2360,Nutmeg,9217,SAVOURY SAUCES PICKLES GRAVIES & CONDIMENTS
2361,Nut oil (e.g peanut/groundnut oil),870,POLYUNSATURATED OILS
2362,Kellogg's Nutrigrain bar,5770,BUNS CAKES & PASTRIES MANUFACTURED
2363,Cereal bar with nuts only,10058,BISCUITS MANUFACTURED / RETAIL
2364,Oatmeal bread,7617,OTHER BREAD
2365,Oatmeal,9215,OTHER CEREALS
2366,"Orange and mango juice, 100% juice",2337,FRUIT JUICE
2367,"Mixed fruit juice drink, ready to drink, 5% juice (e.g. Oasis)",8144,SOFT DRINKS NOT LOW CALORIE RTD STILL
2368,"Cereal bar, plain (e.g. Nature Valley)",8044,BISCUITS MANUFACTURED / RETAIL
2369,Oat flakes (e.g. Oatibix Flakes),8410,HIGH FIBRE BREAKFAST CEREALS
2370,"Oat milk/drink (e.g. Alpro, Oatly)",10159,OTHER MILK
2371,Oats (uncooked),30068,OTHER CEREALS
2372,"Carrots, cooked",1711,CARROTS NOT RAW
2373,Onion chutney/relish,10129,SAVOURY SAUCES PICKLES GRAVIES & CONDIMENTS
2374,"Carrots, roasted",11457,CARROTS NOT RAW
2375,"Carrots, raw",1710,CARROTS RAW
2376,Octopus,1585,OTHER SHELLFISH INCLUDING HOMEMADE DISHES
2377,"Other fizzy diet drinks, no juice (e.g. Ginger beer light, Dr Pepper diet)",7903,SOFT DRINKS LOW CALORIE CARBONATED
2378,Okra (bhindi) curry,5513,OTHER VEGETABLES INCLUDING HOMEMADE DISHES
2379,"Okra (ladies fingers/bhindi), cooked",8468,OTHER VEGETABLES INCLUDING HOMEMADE DISHES
2380,"Okra, fried",2624,OTHER VEGETABLES INCLUDING HOMEMADE DISHES
2381,Olives,2090,OTHER FRUIT NOT CANNED
2382,Olive tapenade,10121,OTHER FRUIT NOT CANNED
2383,Olive oil,874,OTHER COOKING FATS AND OILS NOT PUFA
2384,"Olive spread/margarine (e.g. Tesco, ASDA, Morrisons)",10042,REDUCED FAT SPREAD (NOT POLYUNSATURATED)
2385,"Omelette, with cheese",774,OTHER EGGS AND EGG DISHES INCLUDING HOMEMADE
2386,Omelette with fish/seafood (e.g. prawn),775,OTHER EGGS AND EGG DISHES INCLUDING HOMEMADE
2387,Omelette with meat (e.g. ham),775,OTHER EGGS AND EGG DISHES INCLUDING HOMEMADE
2388,"Omelette, with vegetables",11501,OTHER EGGS AND EGG DISHES INCLUDING HOMEMADE
2389,Milk 1% fat,10251,1% Fat Milk
2390,Onion pakora/bhajia,1797,OTHER VEGETABLES INCLUDING HOMEMADE DISHES
2391,"Onion rings (in breadcrumbs/batter), grilled",8026,OTHER VEGETABLES INCLUDING HOMEMADE DISHES
2392,"Onion, raw",1785,SALAD AND OTHER RAW VEGETABLES
2393,"Onion rings (in breadcrumbs/batter), fried",1793,OTHER MANUFACTURED VEGETABLE PRODUCTS INCL RM
2394,"Onions, baked/roasted",9293,OTHER VEGETABLES INCLUDING HOMEMADE DISHES
2395,"Onions, fried",1789,OTHER VEGETABLES INCLUDING HOMEMADE DISHES
2396,"Onions, cooked",1786,OTHER VEGETABLES INCLUDING HOMEMADE DISHES
2397,"Baked potato / jacket potato, skin eaten",11117,OTHER POTATOES INCLUDING HOMEMADE DISHES
2398,"Mashed potato, with vegetable/sunflower oil spread",9249,OTHER POTATOES INCLUDING HOMEMADE DISHES
2399,"Baked potato / jacket potato, skin not eaten",11119,OTHER POTATOES INCLUDING HOMEMADE DISHES
2400,Potatoes,1829,OTHER POTATOES INCLUDING HOMEMADE DISHES
2401,Roast potatoes,1841,OTHER FRIED / ROAST POTATOES INCL HOMEMADE DISHES
2402,"Fisherman's pie/ocean pie, ready meal, reduced fat",10296,MANUFACTURED WHITE FISH PRODUCTS INCL READY MEALS
2403,Cookies e.g. oat and raisin/sultana,10061,BISCUITS MANUFACTURED / RETAIL
2404,"Orange squash / juice, no added sugar, diluted",11577,SOFT DRINKS LOW CALORIE CONCENTRATED
2405,Oregano,10297,SAVOURY SAUCES PICKLES GRAVIES & CONDIMENTS
2406,"Oreos, including supermarket brands",11419,BISCUITS MANUFACTURED / RETAIL
2407,Orange,2092,CITRUS FRUIT NOT CANNED
2408,"Freshly squeezed orange juice, 100% juice",2339,FRUIT JUICE
2409,Chicken noodle soup,2467,SOUP MANUFACTURED/ RETAIL
2410,Orange peel/zest,10730,CITRUS FRUIT NOT CANNED
2411,"Orange squash, high juice, with ADDED SUGAR, diluted",11576,SOFT DRINKS NOT LOW CALORIE CONCENTRATED
2412,Oatibix minis,8103,HIGH FIBRE BREAKFAST CEREALS
2413,Oatibix,8103,HIGH FIBRE BREAKFAST CEREALS
2414,Oatcakes / Oat cakes,267,BISCUITS MANUFACTURED / RETAIL
2415,Ox Liver,8798,LIVER AND DISHES
2416,"Oxtail soup, canned",2473,SOUP MANUFACTURED/ RETAIL
2417,Oxtail,1206,OTHER MEAT INCLUDING HOMEMADE RECIPE DISHES
2418,Oyster sauce,2438,SAVOURY SAUCES PICKLES GRAVIES & CONDIMENTS
2419,Oysters,1571,OTHER SHELLFISH INCLUDING HOMEMADE DISHES
2420,Patatas bravas,5980,OTHER POTATOES INCLUDING HOMEMADE DISHES
2421,Pasta with a cheese-based sauce,819,OTHER PASTA INCLUDING HOMEMADE DISHES
2422,Passion fruit,2097,OTHER FRUIT NOT CANNED
2423,"Beer, non premium bitters (e.g. pale ale, mild)",8335,BEERS AND LAGERS
2424,Palm oil,11322,OTHER COOKING FATS AND OILS NOT PUFA
2425,Scotch pancake/drop scone,6975,BUNS CAKES & PASTRIES MANUFACTURED
2426,"Bacon, streaky, smoked, grilled",8244,OTHER BACON AND HAM INCLUDING HOMEMADE DISHES
2427,Paneer cheese,6980,OTHER CHEESE
2428,Panna cotta,3805,FROMAGE FRAIS AND DAIRY DESSERTS MANUFACTURED
2429,Panettone,8123,BUNS CAKES & PASTRIES MANUFACTURED
2430,Paprika,9225,SAVOURY SAUCES PICKLES GRAVIES & CONDIMENTS
2431,"Pineapple, canned in syrup",2120,CANNED FRUIT IN SYRUP
2432,Papaya,2099,OTHER FRUIT NOT CANNED
2433,Pain au raisin,8111,BUNS CAKES & PASTRIES MANUFACTURED
2434,Parma Ham,8089,OTHER BACON AND HAM INCLUDING HOMEMADE DISHES
2435,Parmesan cheese,676,OTHER CHEESE
2436,"Partridge, roasted or stewed",1137,OTHER MEAT INCLUDING HOMEMADE RECIPE DISHES
2437,"Parsley, dried",2517,SAVOURY SAUCES PICKLES GRAVIES & CONDIMENTS
2438,"Paratha, white",9054,WHITE BREAD (NOT HIGH FIBRE; NOT MULTISEED BREAD)
2439,Passata (strained tomatoes),8476,TOMATOES NOT RAW
2440,Sweet or savoury pancake,6176,OTHER CEREAL BASED PUDDINGS - HOMEMADE
2441,Pavlova with fruit and cream,5581,MANUFACTURED EGG PRODUCTS INCLUDING READY MEALS
2442,Peanut butter and chocolate spread (e.g. Reese's spread),8542,NUTS AND SEEDS
2443,"Prawns/shrimps, boiled",1573,OTHER SHELLFISH INCLUDING HOMEMADE DISHES
2444,"Probiotic yoghurt drink, fat free (e.g. Actimel)",10493,YOGURT
2445,Pork burger (no bun),9873,OTHER PORK INCLUDING HOMEMADE RECIPE DISHES
2446,"Peanut butter, no added sugar",8047,NUTS AND SEEDS
2447,"Peanut butter, reduced fat",3160,NUTS AND SEEDS
2448,"Beetroot, pickled in vinegar",2456,OTHER VEGETABLES INCLUDING HOMEMADE DISHES
2449,Yakult,6829,YOGURT
2450,Popcorn chicken (e.g. KFC),1115,MANUFACTURED COATED CHICKEN / TURKEY PRODUCTS
2451,Peach,2101,OTHER FRUIT NOT CANNED
2452,"Peaches, canned in juice",2108,CANNED FRUIT IN JUICE
2453,Prawn chop suey,1621,OTHER SHELLFISH INCLUDING HOMEMADE DISHES
2454,Piccalilli,2439,SAVOURY SAUCES PICKLES GRAVIES & CONDIMENTS
2455,Dolly mixtures / candy canes,2271,SUGAR CONFECTIONERY
2456,Potato croquettes,2654,OTHER MANUFACTURED POTATO PRODUCTS FRIED/BAKED
2457,Prawn curry,9088,OTHER SHELLFISH INCLUDING HOMEMADE DISHES
2458,"Peaches, frozen",2101,OTHER FRUIT NOT CANNED
2459,"Peas, cooked from frozen",11106,PEAS NOT RAW
2460,Pecan nuts,2174,NUTS AND SEEDS
2461,Poached egg,762,OTHER EGGS AND EGG DISHES INCLUDING HOMEMADE
2462,Mixed peel/zest,2226,SWEET SPREADS FILLINGS AND ICING
2463,Peri-Peri sauce,9397,SAVOURY SAUCES PICKLES GRAVIES & CONDIMENTS
2464,Petits Filous fromage frais,10218,FROMAGE FRAIS AND DAIRY DESSERTS MANUFACTURED
2465,"Prawns, wrapped in filo pastry",8072,MANUFACTURED SHELLFISH PRODUCTS INCL READY MEALS
2466,Profiteroles with chocolate icing/sauce and cream filling,327,BUNS CAKES & PASTRIES MANUFACTURED
2467,Gherkins (including pickled),9388,OTHER VEGETABLES INCLUDING HOMEMADE DISHES
2468,"Pork chop/loin, grilled, fat not eaten",1024,OTHER PORK INCLUDING HOMEMADE RECIPE DISHES
2469,"Green pepper, raw",1823,SALAD AND OTHER RAW VEGETABLES
2470,Pea and ham soup,10960,SOUP MANUFACTURED/ RETAIL
2471,Roast/stewed pheasant,1139,OTHER MEAT INCLUDING HOMEMADE RECIPE DISHES
2472,Physalis (Cape Gooseberry),2711,OTHER FRUIT NOT CANNED
2473,Plain ice cream wafer (no ice cream),273,BISCUITS MANUFACTURED / RETAIL
2474,Pickled egg,755,OTHER EGGS AND EGG DISHES INCLUDING HOMEMADE
2475,Pigs in blankets,11500,OTHER SAUSAGES INCLUDING HOMEMADE DISHES
2476,"Pilchard, in brine, canned",7828,MANUFACTURED OILY FISH PRODUCTS INCL READY MEALS
2477,"Pilchard, in a tomato sauce, canned",9264,MANUFACTURED OILY FISH PRODUCTS INCL READY MEALS
2478,Pork liver,1199,LIVER AND DISHES
2479,Pimms,2406,LIQUEURS
2480,Pineapple,2117,OTHER FRUIT NOT CANNED
2481,Pine nuts,7014,NUTS AND SEEDS
2482,Pinto beans,10787,BEANS AND PULSES INCL READY MEAL & HOMEMADE DISHES
2483,"Pizza base, plain",8574,PIZZA
2484,"Pak choi / Bok choi, cooked",11113,LEAFY GREEN VEGETABLES NOT RAW
2485,Pork scratchings,8500,CRISPS AND SAVOURY SNACKS
2486,Pumpkin seeds,2166,NUTS AND SEEDS
2487,"Bagel, white",9373,WHITE BREAD (NOT HIGH FIBRE; NOT MULTISEED BREAD)
2488,"Roast lamb, shoulder",1009,OTHER LAMB INCLUDING HOMEMADE RECIPE DISHES
2489,"Omelette, plain",763,OTHER EGGS AND EGG DISHES INCLUDING HOMEMADE
2490,"White rice, fried (e.g. pilau rice)",47,OTHER RICE INCLUDING HOMEMADE DISHES
2491,Barley (e.g pearl barley/wholegrain),5,OTHER CEREALS
2492,Plain flour,2603,OTHER CEREALS
2493,Plums,2123,OTHER FRUIT NOT CANNED
2494,"Plums, stewed",2127,OTHER FRUIT NOT CANNED
2495,"Scone, plain",10518,BUNS CAKES & PASTRIES MANUFACTURED
2496,"Plaice, grilled or oven baked",7821,OTHER WHITE FISH INCLUDING HOMEMADE DISHES
2497,"Plantain, cooked",8479,OTHER VEGETABLES INCLUDING HOMEMADE DISHES
2498,Plum sauce,8403,SAVOURY SAUCES PICKLES GRAVIES & CONDIMENTS
2499,Vegetable biryani/pilau rice,2622,OTHER VEGETABLES INCLUDING HOMEMADE DISHES
2500,Pom Bears (crisps),7872,CRISPS AND SAVOURY SNACKS
2501,Prawn mayo sandwich with white/malted bread,11550,SANDWICHES
2502,"Pineapple, canned in juice",2121,CANNED FRUIT IN JUICE
2503,"Peanut butter, crunchy (with bits)",2196,NUTS AND SEEDS
2504,"Peanut butter, smooth",2195,NUTS AND SEEDS
2505,"Pancetta, cooked",1020,OTHER PORK INCLUDING HOMEMADE RECIPE DISHES
2506,"Pineapple juice, 100% juice",2345,FRUIT JUICE
2507,Pick n mix sweets,8676,SUGAR CONFECTIONERY
2508,"Naan bread, plain",7622,WHITE BREAD (NOT HIGH FIBRE; NOT MULTISEED BREAD)
2509,"Peanuts, unsalted",2191,NUTS AND SEEDS
2510,Potato farl/cake,7227,OTHER MANUFACTURED POTATO PRODUCTS FRIED/BAKED
2511,Port Salut Cheese,6958,OTHER CHEESE
2512,Potato gratin (cheese & potato bake),802,OTHER POTATOES INCLUDING HOMEMADE DISHES
2513,"Pork kebab (meat, pitta and salad)",1344,BURGERS AND KEBABS PURCHASED
2514,Pork lasagne,1348,OTHER BEEF & VEAL INCLUDING HOMEMADE RECIPE DISHES
2515,Polenta,3241,OTHER CEREALS
2516,Polos,8307,SUGAR CONFECTIONERY
2517,Polony,1273,OTHER SAUSAGES INCLUDING HOMEMADE DISHES
2518,Pomegranate seeds,8115,OTHER FRUIT NOT CANNED
2519,"Pomegranate juice, 100% juice",2132,OTHER FRUIT NOT CANNED
2520,Pickled onion (including silverskin),2423,OTHER VEGETABLES INCLUDING HOMEMADE DISHES
2521,Butter popcorn,4408,CRISPS AND SAVOURY SNACKS
2522,Corn oil,870,POLYUNSATURATED OILS
2523,Poppy seeds,8148,NUTS AND SEEDS
2524,Pop tart,8853,OTHER BREAKFAST CEREALS (NOT HIGH FIBRE)
2525,Roast/grilled pork belly,1020,OTHER PORK INCLUDING HOMEMADE RECIPE DISHES
2526,Pork crackling,9402,OTHER PORK INCLUDING HOMEMADE RECIPE DISHES
2527,Pork casserole/stew,5695,OTHER PORK INCLUDING HOMEMADE RECIPE DISHES
2528,Port,2390,FORTIFIED WINE
2529,"Pork, diced uncooked",9491,OTHER PORK INCLUDING HOMEMADE RECIPE DISHES
2530,Pork satay,6908,OTHER PORK INCLUDING HOMEMADE RECIPE DISHES
2531,"Potato salad, with reduced fat mayonnaise/salad cream",7862,OTHER POTATOES INCLUDING HOMEMADE DISHES
2532,"Pate, canned",1258,LIVER AND DISHES
2533,"Tongue (e.g. pork, ox)",9590,OTHER MEAT PRODUCTS MANUFACTURED INCL READY MEALS
2534,Potato wedges,3991,OTHER POTATOES INCLUDING HOMEMADE DISHES
2535,Poppadums,10287,OTHER CEREALS
2536,"Green pepper, fried",9619,OTHER VEGETABLES INCLUDING HOMEMADE DISHES
2537,"Green pepper, roasted",9619,OTHER VEGETABLES INCLUDING HOMEMADE DISHES
2538,Plain popcorn,10770,CRISPS AND SAVOURY SNACKS
2539,Pulled pork (no sauce),9442,OTHER PORK INCLUDING HOMEMADE RECIPE DISHES
2540,"Red/yellow/orange pepper, fried",9619,OTHER VEGETABLES INCLUDING HOMEMADE DISHES
2541,"Red/yellow/orange pepper, roasted",9619,OTHER VEGETABLES INCLUDING HOMEMADE DISHES
2542,Chocolate truffles/pralines,10865,CHOCOLATE CONFECTIONERY
2543,"Prawn bhuna, curry",9088,OTHER SHELLFISH INCLUDING HOMEMADE DISHES
2544,Pear cider,5142,ALCOHOLIC SOFT DRINKS
2545,"Lager / beer, around 4% abv (e.g. Carlsberg/Amstel)",8341,BEERS AND LAGERS
2546,Prawn dim sum (Chinese dumplings),1919,OTHER VEGETABLES INCLUDING HOMEMADE DISHES
2547,"Porridge, made with water",10284,HIGH FIBRE BREAKFAST CEREALS
2548,"Red/yellow/orange pepper, raw",7857,SALAD AND OTHER RAW VEGETABLES
2549,"Porridge, made with half milk & half water",8756,HIGH FIBRE BREAKFAST CEREALS
2550,Pork spare ribs in Barbecue sauce,1331,OTHER PORK INCLUDING HOMEMADE RECIPE DISHES
2551,"Apple/pear juice concentrate (undiluted), unsweetened",9186,FRUIT JUICE
2552,Diced pork,9460,OTHER PORK INCLUDING HOMEMADE RECIPE DISHES
2553,Prawn/seafood cocktail sandwich/deli filler,8154,MANUFACTURED SHELLFISH PRODUCTS INCL READY MEALS
2554,Pepperami or snack salami,8267,OTHER MEAT PRODUCTS MANUFACTURED INCL READY MEALS
2555,"Prunes, canned in syrup",2139,CANNED FRUIT IN SYRUP
2556,Dried prunes (including ready to eat),8558,OTHER FRUIT NOT CANNED
2557,Potato rings (e.g. Hula Hoops),7872,CRISPS AND SAVOURY SNACKS
2558,"Prunes, canned in juice",2140,CANNED FRUIT IN JUICE
2559,Prosciutto,8089,OTHER BACON AND HAM INCLUDING HOMEMADE DISHES
2560,Protein powder,9205,NUTRITION POWDERS AND DRINKS
2561,"Pears, canned in juice",2113,APPLES AND PEARS NOT CANNED
2562,"Porridge, made with skimmed milk",3925,HIGH FIBRE BREAKFAST CEREALS
2563,"Porridge, made with soya milk",3210,HIGH FIBRE BREAKFAST CEREALS
2564,"Parsnip, raw",1800,SALAD AND OTHER RAW VEGETABLES
2565,"Porridge, made with semi skimmed milk",3797,HIGH FIBRE BREAKFAST CEREALS
2566,"Prune juice, 100% juice",8640,FRUIT JUICE
2567,"Porridge, made with whole milk",10338,HIGH FIBRE BREAKFAST CEREALS
2568,Prawn stir fry (prawns and vegetables),11593,OTHER SHELLFISH INCLUDING HOMEMADE DISHES
2569,Pretzels,6825,CRISPS AND SAVOURY SNACKS
2570,"Pears, canned in syrup",2116,CANNED FRUIT IN SYRUP
2571,Pease pudding,1819,PEAS NOT RAW
2572,"Peas, cooked",1807,PEAS NOT RAW
2573,"Parsnip, cooked",1801,OTHER VEGETABLES INCLUDING HOMEMADE DISHES
2574,"Parsnip, roasted",1804,OTHER VEGETABLES INCLUDING HOMEMADE DISHES
2575,Parsnip soup,5607,SOUP HOMEMADE
2576,"Peas, canned",10796,PEAS NOT RAW
2577,"Pasta in tomato sauce, canned, reduced sugar/salt (e.g. Heinz Spaghetti Hoops No Added Sugar)",41,PASTA MANUFACTURED PRODUCTS & READY MEALS
2578,Cheese and tomato pasta bake,8128,PASTA MANUFACTURED PRODUCTS & READY MEALS
2579,"Pistachio nuts, unsalted",2197,NUTS AND SEEDS
2580,Cheese and onion pasty/roll (includes potato),821,OTHER CEREALS
2581,"Ravioli (filled pasta) in tomato sauce, canned",39,PASTA MANUFACTURED PRODUCTS & READY MEALS
2582,Pastrami,8043,MANUFACTURED BEEF PRODUCTS INCLUDING READY MEALS
2583,"Pasta in tomato sauce, canned (e.g. Heinz Spaghetti Hoops)",41,PASTA MANUFACTURED PRODUCTS & READY MEALS
2584,"Sweet potato, baked/roasted, without oil",10553,OTHER VEGETABLES INCLUDING HOMEMADE DISHES
2585,Leek and potato soup,9738,SOUP HOMEMADE
2586,Ringos (wheatflour and potato snacks),7874,CRISPS AND SAVOURY SNACKS
2587,Fruit scone,368,BUNS CAKES & PASTRIES MANUFACTURED
2588,Loaded potato skins (e.g with cheese & bacon),7085,OTHER POTATOES INCLUDING HOMEMADE DISHES
2589,Pot Noodle / Pot Rice,10392,OTHER CEREALS
2590,Puff pastry (savoury),3115,BUNS CAKES & PASTRIES MANUFACTURED
2591,"Pumpkin, cooked",1908,OTHER VEGETABLES INCLUDING HOMEMADE DISHES
2592,Pumpkin soup,6736,SOUP HOMEMADE
2593,"Fruit pie, single crust",521,FRUIT PIES HOMEMADE
2594,Pineapple upside down cake,6142,SPONGE PUDDINGS - HOMEMADE
2595,Prawn crackers,6992,OTHER CEREALS
2596,Meat based quiche (e.g. quiche lorraine),8565,MANUFACTURED EGG PRODUCTS INCLUDING READY MEALS
2597,"Cheeseburger, in a bun, quarter pounder (homemade)",11598,OTHER BEEF & VEAL INCLUDING HOMEMADE RECIPE DISHES
2598,"Vegetarian meat-style burger (e.g Quorn), no bun",5447,MEAT ALTERNATIVES INCL READY MEALS & HOMEMADE DISH
2599,Quail egg,9200,OTHER EGGS AND EGG DISHES INCLUDING HOMEMADE
2600,Quark,7734,FROMAGE FRAIS AND DAIRY DESSERTS MANUFACTURED
2601,Quavers,7203,CRISPS AND SAVOURY SNACKS
2602,Vegetable based quiche (e.g. cheese & onion),10178,MANUFACTURED EGG PRODUCTS INCLUDING READY MEALS
2603,"Vegetarian cottage pie, meat-style (e.g. Quorn)",10239,MEAT ALTERNATIVES INCL READY MEALS & HOMEMADE DISH
2604,Quinces,2141,OTHER FRUIT NOT CANNED
2605,Quinoa,10424,NUTS AND SEEDS
2606,Quorn mince,7189,MEAT ALTERNATIVES INCL READY MEALS & HOMEMADE DISH
2607,Vegetarian chicken-style pieces/strips (e.g. Quorn),7189,MEAT ALTERNATIVES INCL READY MEALS & HOMEMADE DISH
2608,"Vegetarian pie, meat-style (e.g. Quorn)",7103,MEAT ALTERNATIVES INCL READY MEALS & HOMEMADE DISH
2609,Roast/stewed rabbit,1162,OTHER MEAT INCLUDING HOMEMADE RECIPE DISHES
2610,"White cabbage, raw",1706,SALAD AND OTHER RAW VEGETABLES
2611,Radish (including mooli),1909,SALAD AND OTHER RAW VEGETABLES
2612,Rainbow drops,2735,BISCUITS MANUFACTURED / RETAIL
2613,Raita,1741,SALAD AND OTHER RAW VEGETABLES
2614,"Beer, real ale or strong bitter (e.g. Caffreys, Old Speckled Hen)",8338,BEERS AND LAGERS
2615,"Raspberries, frozen",2147,OTHER FRUIT NOT CANNED
2616,Raisins,2142,OTHER FRUIT NOT CANNED
2617,Raspberries,2143,OTHER FRUIT NOT CANNED
2618,Ratatouille,2625,OTHER VEGETABLES INCLUDING HOMEMADE DISHES
2619,Apricots,1963,OTHER FRUIT NOT CANNED
2620,"Runner beans, cooked",1681,GREEN BEANS NOT RAW
2621,Roast beef,970,OTHER BEEF & VEAL INCLUDING HOMEMADE RECIPE DISHES
2622,"Red cabbage, pickled",1912,OTHER VEGETABLES INCLUDING HOMEMADE DISHES
2623,"Red cabbage, raw",1700,SALAD AND OTHER RAW VEGETABLES
2624,Rice cake,3267,BISCUITS MANUFACTURED / RETAIL
2625,Roast chicken (skin eaten),1089,OTHER CHICKEN / TURKEY INCL HOMEMADE RECIPE DISHES
2626,Kellogg's Rice Krispies,220,OTHER BREAKFAST CEREALS (NOT HIGH FIBRE)
2627,"Cauliflower, raw",1718,SALAD AND OTHER RAW VEGETABLES
2628,Roast/grilled chicken drumstick/wing (skin eaten),5271,OTHER CHICKEN / TURKEY INCL HOMEMADE RECIPE DISHES
2629,Ready cooked savoury rice (e.g. Uncle Bens),10019,RICE MANUFACTURED PRODUCTS & READY MEALS
2630,"Ready Brek, made up with water",3421,HIGH FIBRE BREAKFAST CEREALS
2631,Redcurrants / whitecurrants,2005,OTHER FRUIT NOT CANNED
2632,Ring doughnut,323,BUNS CAKES & PASTRIES MANUFACTURED
2633,"Ready Brek, made up with skimmed milk",3421,HIGH FIBRE BREAKFAST CEREALS
2634,"Ready Brek, made up with soya milk",3210,HIGH FIBRE BREAKFAST CEREALS
2635,"Ready Brek, made up with semi skimmed milk",11125,HIGH FIBRE BREAKFAST CEREALS
2636,"Ready Brek, made up with whole milk",219,HIGH FIBRE BREAKFAST CEREALS
2637,Red wine,8352,WINE
2638,"Red berry squash / juice, with ADDED SUGAR, diluted",11581,SOFT DRINKS NOT LOW CALORIE CONCENTRATED
2639,Coca-Cola/Coke/Pepsi,7895,SOFT DRINKS NOT LOW CALORIE CARBONATED
2640,Revels,10864,CHOCOLATE CONFECTIONERY
2641,"Coconut milk (canned), reduced fat",7208,SAVOURY SAUCES PICKLES GRAVIES & CONDIMENTS
2642,"Houmous/hummus, reduced fat",2978,BEANS AND PULSES INCL READY MEAL & HOMEMADE DISHES
2643,Red or black grapes,2041,OTHER FRUIT NOT CANNED
2644,"Rhubarb, stewed with sugar",2150,OTHER FRUIT NOT CANNED
2645,"Rhubarb, raw",2148,OTHER FRUIT NOT CANNED
2646,"Ribena juice drink, ready to drink",8455,SOFT DRINKS NOT LOW CALORIE RTD STILL
2647,"Beef rib eye steak, fried",950,OTHER BEEF & VEAL INCLUDING HOMEMADE RECIPE DISHES
2648,"Ribena juice drink, ready to drink, no added sugar",5505,SOFT DRINKS LOW CALORIE RTD STILL
2649,Ricotta cheese,7728,OTHER CHEESE
2650,Ritz crisp and thins,7874,CRISPS AND SAVOURY SNACKS
2651,Rice flour,17,OTHER RICE INCLUDING HOMEMADE DISHES
2652,"Spaghetti/tagliatelle, wholemeal, dried (uncooked)",35,OTHER PASTA INCLUDING HOMEMADE DISHES
2653,"Rice milk/drink (e.g. Rice Dream, Alpro)",9494,OTHER MILK
2654,Vermicelli / rice noodles (including glass/thread noodles),3229,OTHER RICE INCLUDING HOMEMADE DISHES
2655,"Rice Krispies, supermarket brands (e.g. Rice Snaps/Pops)",7630,OTHER BREAKFAST CEREALS (NOT HIGH FIBRE)
2656,Ritz / Saltines / Tuc,279,BISCUITS MANUFACTURED / RETAIL
2657,Kellogg's Rice krispies cereal bar,3882,BISCUITS MANUFACTURED / RETAIL
2658,Rocky road,10548,BUNS CAKES & PASTRIES MANUFACTURED
2659,"Roast lamb, leg",1000,OTHER LAMB INCLUDING HOMEMADE RECIPE DISHES
2660,Chocolate mousse,7710,FROMAGE FRAIS AND DAIRY DESSERTS MANUFACTURED
2661,Rocket leaves,11114,SALAD AND OTHER RAW VEGETABLES
2662,Rice bran oil,10963,OTHER COOKING FATS AND OILS NOT PUFA
2663,"Chocolate covered caramels e.g. toffee poppets, Rolo's, eclairs",2256,CHOCOLATE CONFECTIONERY
2664,"Root ginger/lemongrass, fresh",1744,SALAD AND OTHER RAW VEGETABLES
2665,"Rosemary, fresh",8147,SALAD AND OTHER RAW VEGETABLES
2666,Rose wine,8353,WINE
2667,"Red/yellow/orange pepper, cooked",7988,OTHER VEGETABLES INCLUDING HOMEMADE DISHES
2668,"Roast pork slices, pre-packed/deli",5323,MANUFACTURED PORK PRODUCTS INCLUDING READY MEALS
2669,Vegetable oil (e.g. rapeseed),7990,OTHER COOKING FATS AND OILS NOT PUFA
2670,"Rice pudding, not canned",9883,CEREAL BASED MILK PUDDINGS - HOMEMADE
2671,Red pesto,3998,SAVOURY SAUCES PICKLES GRAVIES & CONDIMENTS
2672,Rice salad,8129,RICE MANUFACTURED PRODUCTS & READY MEALS
2673,Plain risotto,10282,OTHER RICE INCLUDING HOMEMADE DISHES
2674,"Rhubarb, stewed",2149,OTHER FRUIT NOT CANNED
2675,"Tomato, fresh",11103,TOMATOES RAW
2676,"Trout, rainbow/brown",1530,OTHER OILY FISH INCLUDING HOMEMADE DISHES
2677,Rye bread / pumpernickel,114,OTHER BREAD
2678,Ryvita thins/Jacob's flatbread,274,BISCUITS MANUFACTURED / RETAIL
2679,Crackerbread wholegrain (e.g. Ryvita),256,BISCUITS MANUFACTURED / RETAIL
2680,"Steak and ale pie, canned",8087,MANUFACTURED MEAT PIES AND PASTRIES
2681,Fish/seafood quiche (e.g. salmon),9672,MANUFACTURED EGG PRODUCTS INCLUDING READY MEALS
2682,Salmon en croute,5902,MANUFACTURED OILY FISH PRODUCTS INCL READY MEALS
2683,Sage,9229,SAVOURY SAUCES PICKLES GRAVIES & CONDIMENTS
2684,Saffron,10551,SAVOURY SAUCES PICKLES GRAVIES & CONDIMENTS
2685,"Sage, fresh",9231,SALAD AND OTHER RAW VEGETABLES
2686,Fresh fruit salad,2036,OTHER FRUIT NOT CANNED
2687,Salt,2522,SAVOURY SAUCES PICKLES GRAVIES & CONDIMENTS
2688,"Samphire, cooked",1656,OTHER VEGETABLES INCLUDING HOMEMADE DISHES
2689,Vegetable samosa,2623,OTHER MANUFACTURED VEGETABLE PRODUCTS INCL RM
2690,Cheese pastry (e.g. straw/twist),821,OTHER CEREALS
2691,Savoury flavoured popcorn,4408,CRISPS AND SAVOURY SNACKS
2692,"Sauteed potatoes, in butter",5980,OTHER POTATOES INCLUDING HOMEMADE DISHES
2693,Sweet and salty popcorn,11499,SUGAR CONFECTIONERY
2694,Chicken satay,5494,OTHER CHICKEN / TURKEY INCL HOMEMADE RECIPE DISHES
2695,Sauerkraut,1912,OTHER VEGETABLES INCLUDING HOMEMADE DISHES
2696,"Vegetarian meat-style sausage (e.g. Linda McCartney, Cauldron), NOT Quorn",9572,MEAT ALTERNATIVES INCL READY MEALS & HOMEMADE DISH
2697,Saveloy,1271,OTHER SAUSAGES INCLUDING HOMEMADE DISHES
2698,Sponge cake with jam and buttercream filling,10519,BUNS CAKES & PASTRIES MANUFACTURED
2699,"Sausage in batter, fried",1288,OTHER SAUSAGES INCLUDING HOMEMADE DISHES
2700,Battered pork balls (with or without sauce),1358,OTHER PORK INCLUDING HOMEMADE RECIPE DISHES
2701,"Scampi, fried",1581,WHITE FISH COATED OR FRIED
2702,"Scallops, steamed",1576,OTHER SHELLFISH INCLUDING HOMEMADE DISHES
2703,Sponge cake with buttercream filling,8122,BUNS CAKES & PASTRIES MANUFACTURED
2704,"Sour cream based dips, reduced fat",3451,SAVOURY SAUCES PICKLES GRAVIES & CONDIMENTS
2705,"Sweetcorn / sweet corn, canned",10795,OTHER VEGETABLES INCLUDING HOMEMADE DISHES
2706,Fruit bars (e.g. School Bars),8008,OTHER FRUIT NOT CANNED
2707,Sweet chilli sauce,8074,SAVOURY SAUCES PICKLES GRAVIES & CONDIMENTS
2708,Salsa dip (e.g. tomato and chilli),10723,SAVOURY SAUCES PICKLES GRAVIES & CONDIMENTS
2709,"Scampi, grilled or oven baked",9693,WHITE FISH COATED OR FRIED
2710,"Sponge cake, no filling (e.g. plain tray bake)",2644,BUNS CAKES & PASTRIES HOMEMADE
2711,Sweetcorn relish,2418,SAVOURY SAUCES PICKLES GRAVIES & CONDIMENTS
2712,Sour cream based dips,9366,SAVOURY SAUCES PICKLES GRAVIES & CONDIMENTS
2713,Square crisps / Discos,7871,CRISPS AND SAVOURY SNACKS
2714,Scotch egg (including mini/picnic size),814,MANUFACTURED EGG PRODUCTS INCLUDING READY MEALS
2715,Biscuits filled with jam and cream (e.g. happy faces),5970,BISCUITS MANUFACTURED / RETAIL
2716,Biscuits filled with Jam (e.g. Jammie Dodgers),265,BISCUITS MANUFACTURED / RETAIL
2717,Light salad cream,10805,SAVOURY SAUCES PICKLES GRAVIES & CONDIMENTS
2718,Mixed meat/seafood paella,3730,MANUFACTURED SHELLFISH PRODUCTS INCL READY MEALS
2719,Crispy seaweed,8056,OTHER MANUFACTURED VEGETABLE PRODUCTS INCL RM
2720,"Sea bass, baked or grilled",10149,OTHER WHITE FISH INCLUDING HOMEMADE DISHES
2721,Mixed seeds,8298,NUTS AND SEEDS
2722,Scrambled egg,9303,OTHER EGGS AND EGG DISHES INCLUDING HOMEMADE
2723,Seafood pasta in a cream based sauce,5628,OTHER SHELLFISH INCLUDING HOMEMADE DISHES
2724,Serrano ham,8089,OTHER BACON AND HAM INCLUDING HOMEMADE DISHES
2725,Sea salt,9380,SAVOURY SAUCES PICKLES GRAVIES & CONDIMENTS
2726,Sesame seeds,2168,NUTS AND SEEDS
2727,Salmon fishcake,6138,OTHER OILY FISH INCLUDING HOMEMADE DISHES
2728,Seafood risotto,6293,OTHER RICE INCLUDING HOMEMADE DISHES
2729,Sharon fruit,6479,OTHER FRUIT NOT CANNED
2730,Shortbread,8162,BISCUITS MANUFACTURED / RETAIL
2731,"Shepherd's pie (lamb), home made",5322,OTHER LAMB INCLUDING HOMEMADE RECIPE DISHES
2732,Sherbet sweets (e.g Refreshers),2270,SUGAR CONFECTIONERY
2733,Shish/kofte kebab,1344,BURGERS AND KEBABS PURCHASED
2734,"Cod/haddock, smoked, poached in milk",8983,OTHER WHITE FISH INCLUDING HOMEMADE DISHES
2735,"Vegetarian cottage pie, vegetable-based",8589,OTHER VEGETABLES INCLUDING HOMEMADE DISHES
2736,Nestle Shreddies,10511,HIGH FIBRE BREAKFAST CEREALS
2737,Shortcake biscuit,270,BISCUITS MANUFACTURED / RETAIL
2738,Sherry,2392,FORTIFIED WINE
2739,"Shredded Wheat, bitesize (e.g. Nestle)",221,HIGH FIBRE BREAKFAST CEREALS
2740,Shredded Wheat (e.g. Nestle),221,HIGH FIBRE BREAKFAST CEREALS
2741,"Sheep yoghurt, natural",7742,YOGURT
2742,"Side salad (e.g. including lettuce, tomato, cucumber), no dressing",7061,SALAD AND OTHER RAW VEGETABLES
2743,Sponge cake filled with jam,380,BUNS CAKES & PASTRIES MANUFACTURED
2744,Prawn cocktail snacks (e.g. Skips),10072,CRISPS AND SAVOURY SNACKS
2745,White pudding,1263,OTHER MEAT PRODUCTS MANUFACTURED INCL READY MEALS
2746,Coated chewy sweets (e.g Skittles),7965,SUGAR CONFECTIONERY
2747,"Virtually fat free ice cream, (e.g. Skinny Cow sticks)",7758,ICE CREAM
2748,White bread,120,WHITE BREAD (NOT HIGH FIBRE; NOT MULTISEED BREAD)
2749,Salad cream,2441,SAVOURY SAUCES PICKLES GRAVIES & CONDIMENTS
2750,"Lemonade, still",5111,SOFT DRINKS NOT LOW CALORIE RTD STILL
2751,Beef and vegetable stew,5385,OTHER BEEF & VEAL INCLUDING HOMEMADE RECIPE DISHES
2752,Salami/pepperoni,1274,OTHER MEAT PRODUCTS MANUFACTURED INCL READY MEALS
2753,Solero,729,ICE CREAM
2754,Slimming world chips,11503,OTHER FRIED / ROAST POTATOES INCL HOMEMADE DISHES
2755,"Soft spread/margarine, suitable for baking (e.g Stork, ASDA, Sainsbury's)",10040,REDUCED FAT SPREAD (NOT POLYUNSATURATED)
2756,Smoked cheese (e.g. cheddar),661,CHEDDAR CHEESE
2757,"Salmon, fried",4105,OTHER OILY FISH INCLUDING HOMEMADE DISHES
2758,"Salmon, grilled or oven baked",9541,OTHER OILY FISH INCLUDING HOMEMADE DISHES
2759,"Mackerel, smoked",1647,OTHER OILY FISH INCLUDING HOMEMADE DISHES
2760,Semi skimmed milk,11517,SEMI SKIMMED MILK
2761,"Salmon, canned",9265,MANUFACTURED OILY FISH PRODUCTS INCL READY MEALS
2762,Salmon/tuna pate or mousse,10141,MANUFACTURED OILY FISH PRODUCTS INCL READY MEALS
2763,Green smoothie (e.g. kiwi and apple),10534,SMOOTHIES 100% FRUIT AND/OR JUICE
2764,"Haddock, grilled or oven baked (including smoked)",9255,OTHER WHITE FISH INCLUDING HOMEMADE DISHES
2765,Red berry fruit smoothie (e.g. strawberry and banana),10747,SMOOTHIES 100% FRUIT AND/OR JUICE
2766,Yellow fruit smoothie (e.g. coconut and mango),10746,SMOOTHIES 100% FRUIT AND/OR JUICE
2767,Smarties,7961,CHOCOLATE CONFECTIONERY
2768,"Salmon, steamed",1520,OTHER OILY FISH INCLUDING HOMEMADE DISHES
2769,"Salmon, cold smoked",1522,OTHER OILY FISH INCLUDING HOMEMADE DISHES
2770,"Mustard (including English, dijon, wholegrain)",2454,SAVOURY SAUCES PICKLES GRAVIES & CONDIMENTS
2771,Stuffed mushrooms,3242,OTHER VEGETABLES INCLUDING HOMEMADE DISHES
2772,"Bottled mineral water, still or fizzy",8333,BOTTLED WATER STILL OR CARBONATED
2773,Single cream,638,CREAM (INCLUDING IMITATION CREAM)
2774,Instant noodles (e.g. Supernoodles),5166,PASTA MANUFACTURED PRODUCTS & READY MEALS
2775,Sunflower oil (e.g. Flora),873,POLYUNSATURATED OILS
2776,Snickers,7964,CHOCOLATE CONFECTIONERY
2777,Snowball (including oyster delight),280,BISCUITS MANUFACTURED / RETAIL
2778,Coconut cake,7688,BUNS CAKES & PASTRIES MANUFACTURED
2779,"Sugar-snap peas, cooked",2650,PEAS NOT RAW
2780,San Pellegrino,8328,SOFT DRINKS NOT LOW CALORIE CARBONATED
2781,"Sugar snap peas, raw",8812,SALAD AND OTHER RAW VEGETABLES
2782,7 up / Sprite,7901,SOFT DRINKS NOT LOW CALORIE CARBONATED
2783,Tofu/soya cheese,4082,OTHER CHEESE
2784,"Soda bread, white",131,WHITE BREAD (NOT HIGH FIBRE; NOT MULTISEED BREAD)
2785,Sorbet,585,ICE CREAM
2786,Malt loaf (e.g. Soreen),149,BUNS CAKES & PASTRIES MANUFACTURED
2787,"Soy sauce, reduced salt",10705,SAVOURY SAUCES PICKLES GRAVIES & CONDIMENTS
2788,Sourdough bread,11527,WHITE BREAD (NOT HIGH FIBRE; NOT MULTISEED BREAD)
2789,Southern comfort,2402,SPIRITS
2790,Soya protein powder,6892,NUTRITION POWDERS AND DRINKS
2791,Soya beans / edamame beans,1685,BEANS AND PULSES INCL READY MEAL & HOMEMADE DISHES
2792,"Soya dessert (e.g. Alpro chocolate, caramel (including free from soya fromage frais)",6541,FROMAGE FRAIS AND DAIRY DESSERTS MANUFACTURED
2793,"Soy sauce, light",2445,SAVOURY SAUCES PICKLES GRAVIES & CONDIMENTS
2794,"Soya milk/drink, unsweetened (e.g. Alpro)",3769,OTHER MILK
2795,"Soya yoghurt, plain (e.g. Alpro Soya)",10575,YOGURT
2796,"Soy sauce, dark",2444,SAVOURY SAUCES PICKLES GRAVIES & CONDIMENTS
2797,Pasta carbonara (e.g. spaghetti),3316,OTHER PASTA INCLUDING HOMEMADE DISHES
2798,Kellogg's Special K (original),223,OTHER BREAKFAST CEREALS (NOT HIGH FIBRE)
2799,Sweet potato crisps,8075,CRISPS AND SAVOURY SNACKS
2800,"Savoury cracker (e.g. Sesame and poppy thins, butter puffs, onion crackers)",10062,BISCUITS MANUFACTURED / RETAIL
2801,"Special Flakes, supermarket brands",223,OTHER BREAKFAST CEREALS (NOT HIGH FIBRE)
2802,Special fried rice,1334,OTHER RICE INCLUDING HOMEMADE DISHES
2803,Spinach curry (e.g. saag bhaji),1917,OTHER VEGETABLES INCLUDING HOMEMADE DISHES
2804,Vegetable and cheese cannelloni (e.g. spinach and ricotta),4023,PASTA MANUFACTURED PRODUCTS & READY MEALS
2805,Scotch pie (Bridie),1291,MANUFACTURED MEAT PIES AND PASTRIES
2806,"Steak pie, individual (including steak and kidney)",8087,MANUFACTURED MEAT PIES AND PASTRIES
2807,Spirulina,9957,OTHER NUTRIENT SUPPLEMENTS
2808,"Pork pie, slice from large pie",1304,MANUFACTURED MEAT PIES AND PASTRIES
2809,Spelt bread,133,WHOLEMEAL BREAD
2810,"Spinach, cooked",1915,LEAFY GREEN VEGETABLES NOT RAW
2811,"Baby spinach, raw (e.g. in salad)",11101,SALAD AND OTHER RAW VEGETABLES
2812,Omelette with cheese and potato,6172,OTHER EGGS AND EGG DISHES INCLUDING HOMEMADE
2813,Sweet popcorn,2269,SUGAR CONFECTIONERY
2814,Sports drink,8888,SOFT DRINKS NOT LOW CALORIE RTD STILL
2815,"Spaghetti bolognese, ready meal",9245,MANUFACTURED BEEF PRODUCTS INCLUDING READY MEALS
2816,Spring onions,7722,SALAD AND OTHER RAW VEGETABLES
2817,"Sprats, coated, fried",1526,OTHER OILY FISH INCLUDING HOMEMADE DISHES
2818,"Spirits (e.g. whisky, gin, vodka)",2402,SPIRITS
2819,Spotted dick,7713,SPONGE PUDDINGS - HOMEMADE
2820,Split peas,1813,PEAS NOT RAW
2821,Sweet potato wedges,10553,OTHER VEGETABLES INCLUDING HOMEMADE DISHES
2822,Square/Lorne sausage,1279,OTHER SAUSAGES INCLUDING HOMEMADE DISHES
2823,Kellogg's Rice krispie squares,8070,BISCUITS MANUFACTURED / RETAIL
2824,"Squid, boiled",8104,OTHER SHELLFISH INCLUDING HOMEMADE DISHES
2825,"Sardine fillet, in brine, canned",3169,MANUFACTURED OILY FISH PRODUCTS INCL READY MEALS
2826,Sour cream,633,CREAM (INCLUDING IMITATION CREAM)
2827,"Self raising flour, white",2604,OTHER CEREALS
2828,Sausage roll,8071,MANUFACTURED MEAT PIES AND PASTRIES
2829,"Self raising flour, wholemeal (brown)",10022,OTHER CEREALS
2830,"Bread roll, granary/wheatgerm",7621,BROWN GRANARY AND WHEATGERM BREAD
2831,"Sardine fillet, in oil, canned",1523,MANUFACTURED OILY FISH PRODUCTS INCL READY MEALS
2832,"Sardine fillet, in a tomato sauce, canned",1525,MANUFACTURED OILY FISH PRODUCTS INCL READY MEALS
2833,"Strong lager / beer, around 9% abv (e.g. Carlsberg Special Brew)",8343,BEERS AND LAGERS
2834,"Beef Sausage, grilled",1277,OTHER SAUSAGES INCLUDING HOMEMADE DISHES
2835,Sweet and sour chicken,7777,MANUFACTURED CHICKEN PRODUCTS INCL READY MEALS
2836,Sweet and sour sauce,2447,SAVOURY SAUCES PICKLES GRAVIES & CONDIMENTS
2837,"Sweet and sour chicken, ready meal, with rice, reduced fat",2734,MANUFACTURED CHICKEN PRODUCTS INCL READY MEALS
2838,Sausage casserole/stew,6913,OTHER SAUSAGES INCLUDING HOMEMADE DISHES
2839,"Sausage, fried",1279,OTHER SAUSAGES INCLUDING HOMEMADE DISHES
2840,"Pork sausage, grilled",11529,OTHER SAUSAGES INCLUDING HOMEMADE DISHES
2841,"Sponge pudding with jam/syrup/treacle, home made",569,SPONGE PUDDINGS - HOMEMADE
2842,Starburst (chewy sweets),11014,SUGAR CONFECTIONERY
2843,Stuffed marrow,6311,OTHER BEEF & VEAL INCLUDING HOMEMADE RECIPE DISHES
2844,Greggs steak bake,8087,MANUFACTURED MEAT PIES AND PASTRIES
2845,Strawberries,2153,OTHER FRUIT NOT CANNED
2846,Crabstick / seafood stick,7831,MANUFACTURED SHELLFISH PRODUCTS INCL READY MEALS
2847,"Beef pie filling, canned",1233,MANUFACTURED BEEF PRODUCTS INCLUDING READY MEALS
2848,Crunchy oat cereal (granola) with fruit (e.g. Tesco strawberry crisp),213,OTHER BREAKFAST CEREALS (NOT HIGH FIBRE)
2849,Stuffed jalapenos,2969,OTHER VEGETABLES INCLUDING HOMEMADE DISHES
2850,Mixed vegetables stir fry,8390,OTHER VEGETABLES INCLUDING HOMEMADE DISHES
2851,"Stir fry sauce, Chinese (e.g. yellow bean sauce)",3982,SAVOURY SAUCES PICKLES GRAVIES & CONDIMENTS
2852,Stock cubes for infants and toddlers (made up),10602,COMMERCIAL TODDLERS FOODS
2853,Strong liqueur (e.g. Pernod),2400,LIQUEURS
2854,Stout (e.g. Guinness),8348,BEERS AND LAGERS
2855,"Tonic water, slimline",7903,SOFT DRINKS LOW CALORIE CARBONATED
2856,Sponge pudding,567,SPONGE PUDDINGS - HOMEMADE
2857,Sticky toffee pudding,10318,SPONGE PUDDINGS - MANUFACTURED
2858,Stuffing,2459,SAVOURY SAUCES PICKLES GRAVIES & CONDIMENTS
2859,Stuffed pepper with vegetables and rice,11538,OTHER VEGETABLES INCLUDING HOMEMADE DISHES
2860,Stuffed vine leaves,5527,OTHER VEGETABLES INCLUDING HOMEMADE DISHES
2861,Sultanas,2156,OTHER FRUIT NOT CANNED
2862,Summer pudding,9673,OTHER CEREAL BASED PUDDINGS - MANUFACTURED
2863,Sunflower seeds,2167,NUTS AND SEEDS
2864,"Sushi, salmon based",9153,MANUFACTURED OILY FISH PRODUCTS INCL READY MEALS
2865,"Sushi, tuna based",2820,MANUFACTURED OILY FISH PRODUCTS INCL READY MEALS
2866,Sugar sweetener mix (e.g. Silver Spoon Half Spoon Sugar),8034,SUGAR
2867,"Savoury rice, made up from a packet",70,RICE MANUFACTURED PRODUCTS & READY MEALS
2868,Sweet/medium cider (e.g. Woodpecker),8349,CIDER AND PERRY
2869,"Swede, cooked",1921,OTHER VEGETABLES INCLUDING HOMEMADE DISHES
2870,"Swede, mashed",1921,OTHER VEGETABLES INCLUDING HOMEMADE DISHES
2871,"Sweetener, in tablets (e.g. Canderel)",2209,ARTIFICIAL SWEETENERS
2872,"Sweetener, granulated (e.g. Canderel)",9612,ARTIFICIAL SWEETENERS
2873,"Swiss roll, with filling",8564,BUNS CAKES & PASTRIES MANUFACTURED
2874,Swordfish,2729,OTHER OILY FISH INCLUDING HOMEMADE DISHES
2875,Sweet potato,1930,OTHER VEGETABLES INCLUDING HOMEMADE DISHES
2876,Sweet potato fries,11493,OTHER VEGETABLES INCLUDING HOMEMADE DISHES
2877,Sweet potato soup,11502,SOUP HOMEMADE
2878,"Rice cake, sweet, with or without chocolate",2735,BISCUITS MANUFACTURED / RETAIL
2879,Sweet and sour pork,1358,OTHER PORK INCLUDING HOMEMADE RECIPE DISHES
2880,Sparkling white wine (e.g. prosecco/cava),8357,WINE
2881,Hot pepper sauce (e.g. Tabasco),9398,SAVOURY SAUCES PICKLES GRAVIES & CONDIMENTS
2882,Tabbouleh,5999,OTHER CEREALS
2883,"Takeaway chips, chip shop style",1853,OTHER FRIED / ROAST POTATOES INCL HOMEMADE DISHES
2884,Taco shells,7876,CRISPS AND SAVOURY SNACKS
2885,"Takeaway chips, fries (McDonalds Only)",5580,CHIPS PURCHASED INCLUDING TAKEAWAY
2886,Seafood (mussels/prawns/calamari) in tomato based sauce,2771,OTHER SHELLFISH INCLUDING HOMEMADE DISHES
2887,Tahini,2165,NUTS AND SEEDS
2888,Taramasalata,1634,MANUFACTURED OILY FISH PRODUCTS INCL READY MEALS
2889,Tarragon,10295,SAVOURY SAUCES PICKLES GRAVIES & CONDIMENTS
2890,Tartare sauce,9392,SAVOURY SAUCES PICKLES GRAVIES & CONDIMENTS
2891,"Toast, 50:50 bread (e.g. Kingsmill)",10777,BROWN GRANARY AND WHEATGERM BREAD
2892,"Turkey burger/escalope, breaded/coated, grilled (no bun)",1380,MANUFACTURED COATED CHICKEN / TURKEY PRODUCTS
2893,"Tomato based pasta sauce, reduced fat (e.g. Dolmio light)",8358,SAVOURY SAUCES PICKLES GRAVIES & CONDIMENTS
2894,"Crinkle-cut crisps (e.g. McCoy's, Seabrooks)",7868,CRISPS AND SAVOURY SNACKS
2895,Tomato chutney/relish,2418,SAVOURY SAUCES PICKLES GRAVIES & CONDIMENTS
2896,Tempura battered white fish and prawns,2733,OTHER WHITE FISH INCLUDING HOMEMADE DISHES
2897,Tempura battered vegetables,2996,OTHER VEGETABLES INCLUDING HOMEMADE DISHES
2898,Thai curry paste (e.g. red/green),6678,SAVOURY SAUCES PICKLES GRAVIES & CONDIMENTS
2899,"Thousand Island / Marie Rose dressing (seafood sauce), reduced calorie",7921,SAVOURY SAUCES PICKLES GRAVIES & CONDIMENTS
2900,Thousand Island / Marie Rose  dressing (seafood sauce),2501,SAVOURY SAUCES PICKLES GRAVIES & CONDIMENTS
2901,Thyme,9782,SAVOURY SAUCES PICKLES GRAVIES & CONDIMENTS
2902,Chocolate tiffin,10548,BUNS CAKES & PASTRIES MANUFACTURED
2903,Tiramisu,9533,OTHER CEREAL BASED PUDDINGS - MANUFACTURED
2904,Tomato ketchup,2448,SAVOURY SAUCES PICKLES GRAVIES & CONDIMENTS
2905,"Tomato ketchup, reduced salt and sugar",9101,SAVOURY SAUCES PICKLES GRAVIES & CONDIMENTS
2906,Tuna mayo sandwich with white/malted bread,11454,SANDWICHES
2907,"Tuna, in brine, canned",1534,MANUFACTURED CANNED TUNA PRODUCTS INCL READY MEALS
2908,"Tuna, in oil, canned",1533,MANUFACTURED CANNED TUNA PRODUCTS INCL READY MEALS
2909,Tunnock's caramel wafer,8194,BISCUITS MANUFACTURED / RETAIL
2910,Tangerines / mandarins / clementines/ satsumas,2157,CITRUS FRUIT NOT CANNED
2911,Tonic water,8378,SOFT DRINKS NOT LOW CALORIE CARBONATED
2912,"Turnip, cooked",1941,OTHER VEGETABLES INCLUDING HOMEMADE DISHES
2913,"Turnip, mashed",1941,OTHER VEGETABLES INCLUDING HOMEMADE DISHES
2914,Toblerone,11422,CHOCOLATE CONFECTIONERY
2915,Tofu,1686,MEAT ALTERNATIVES INCL READY MEALS & HOMEMADE DISH
2916,"Tomato juice, 100% juice",2356,FRUIT JUICE
2917,Topic chocolate bar,7964,CHOCOLATE CONFECTIONERY
2918,Toffee pecan sauce,3035,SWEET SPREADS FILLINGS AND ICING
2919,Sundried tomatoes,9365,TOMATOES NOT RAW
2920,"Turkey goujon/nugget/dipper, in breadcrumb or batter",5263,MANUFACTURED COATED CHICKEN / TURKEY PRODUCTS
2921,Toffee popcorn,11607,SUGAR CONFECTIONERY
2922,"Trail mix, tropical fruit and nut mix",2631,NUTS AND SEEDS
2923,Treacle,2207,SUGAR
2924,Treacle tart,572,BUNS CAKES & PASTRIES MANUFACTURED
2925,Trifle,574,OTHER CEREAL BASED PUDDINGS - MANUFACTURED
2926,"Trifle, low fat",574,OTHER CEREAL BASED PUDDINGS - MANUFACTURED
2927,"Turkey breast, slices (pre-packed/deli)",5296,OTHER CHICKEN / TURKEY INCL HOMEMADE RECIPE DISHES
2928,"Orange juice, 100% juice",2337,FRUIT JUICE
2929,"Turkey slice, smoked or unsmoked (pre-packed/deli)",5303,MANUFACTURED CHICKEN PRODUCTS INCL READY MEALS
2930,"Cream of tomato soup, canned",2478,SOUP MANUFACTURED/ RETAIL
2931,"Chicken/turkey sausage, grilled",1157,OTHER SAUSAGES INCLUDING HOMEMADE DISHES
2932,Twister ice lolly,729,ICE CREAM
2933,"Teacake, toasted",385,BUNS CAKES & PASTRIES MANUFACTURED
2934,"Tortilla chips, NOT Doritos",7876,CRISPS AND SAVOURY SNACKS
2935,"Tomatoes, canned",8085,TOMATOES NOT RAW
2936,Cheese sandwich biscuits (e.g. Tuc cheese sandwich),252,BISCUITS MANUFACTURED / RETAIL
2937,Turmeric,8112,SAVOURY SAUCES PICKLES GRAVIES & CONDIMENTS
2938,"Tuna mayonnaise, home made",8130,OTHER CANNED TUNA INCLUDING HOMEMADE DISHES
2939,"Tuna steak, grilled or oven baked",9932,OTHER WHITE FISH INCLUDING HOMEMADE DISHES
2940,"Tuna, in spring water, canned",3960,OTHER CANNED TUNA INCLUDING HOMEMADE DISHES
2941,Tuna pasta bake (with cheese),5694,OTHER CANNED TUNA INCLUDING HOMEMADE DISHES
2942,"Turkish delight, including chocolate covered (e.g. Fry's)",2273,CHOCOLATE CONFECTIONERY
2943,"Twin pot yoghurt, with coated cereal/crumble (e.g. Muller Corner)",9881,YOGURT
2944,"Twin pot yoghurt, with fruit (e.g. Muller Corner)",5259,YOGURT
2945,Twiglets (e.g. Jacobs),275,CRISPS AND SAVOURY SNACKS
2946,Twix (chocolate & caramel biscuit fingers),2276,CHOCOLATE CONFECTIONERY
2947,"Water (from tap, including hot water, filtered water)",5000,TAP WATER ONLY
2948,Tyrells crisps,10004,CRISPS AND SAVOURY SNACKS
2949,Tzatziki,2660,SALAD AND OTHER RAW VEGETABLES
2950,"Udon/ramen noodles (e.g. plain, not egg)",30,OTHER PASTA INCLUDING HOMEMADE DISHES
2951,Vanilla essence/extract,10417,SAVOURY SAUCES PICKLES GRAVIES & CONDIMENTS
2952,Chicken vol au vent,1121,HOMEMADE MEAT PIES AND PASTRIES
2953,"Vegetarian burger, vegetable-based (no bun)",4203,OTHER MANUFACTURED VEGETABLE PRODUCTS INCL RM
2954,Vegetable burritos,6995,OTHER MANUFACTURED VEGETABLE PRODUCTS INCL RM
2955,"Vegetable curry, cream/coconut based (e.g. korma)",6774,OTHER VEGETABLES INCLUDING HOMEMADE DISHES
2956,"Vegetable curry, with chickpeas",3543,BEANS AND PULSES INCL READY MEAL & HOMEMADE DISHES
2957,Vegetable chutney,2417,SAVOURY SAUCES PICKLES GRAVIES & CONDIMENTS
2958,Veal escalope/schnitzel,1051,OTHER BEEF & VEAL INCLUDING HOMEMADE RECIPE DISHES
2959,"Veal, fillet, uncooked",1052,OTHER BEEF & VEAL INCLUDING HOMEMADE RECIPE DISHES
2960,"Cheddar cheese, vegetarian",661,CHEDDAR CHEESE
2961,Vegetarian pasty (e.g. Ginsters vegan quorn pasty),3209,MEAT ALTERNATIVES INCL READY MEALS & HOMEMADE DISH
2962,Vegetable Dim Sum (Chinese dumplings),1919,OTHER VEGETABLES INCLUDING HOMEMADE DISHES
2963,Vegetarian bacon-style rashers (e.g. Quorn),10401,MEAT ALTERNATIVES INCL READY MEALS & HOMEMADE DISH
2964,Vegetable crisps,8075,CRISPS AND SAVOURY SNACKS
2965,Vegetable fingers/nuggets,8288,OTHER MANUFACTURED VEGETABLE PRODUCTS INCL RM
2966,Blended vegetable oil,871,OTHER COOKING FATS AND OILS NOT PUFA
2967,"Vegetarian pie/pasty, vegetables only",7859,OTHER MANUFACTURED VEGETABLE PRODUCTS INCL RM
2968,Vegetable tart,7859,OTHER MANUFACTURED VEGETABLE PRODUCTS INCL RM
2969,Vegetarian haggis,9361,OTHER VEGETABLES INCLUDING HOMEMADE DISHES
2970,Vegetarian meatballs (e.g. Quorn meatballs),11604,MEAT ALTERNATIVES INCL READY MEALS & HOMEMADE DISH
2971,"Venison, roasted or stewed",9403,OTHER MEAT INCLUDING HOMEMADE RECIPE DISHES
2972,Venison sausage,10186,OTHER SAUSAGES INCLUDING HOMEMADE DISHES
2973,Vegetarian pate (e.g. mushroom),8291,OTHER MANUFACTURED VEGETABLE PRODUCTS INCL RM
2974,Vegetarian sushi,2821,OTHER MANUFACTURED VEGETABLE PRODUCTS INCL RM
2975,Vegetable pakora/bhajia,8586,OTHER VEGETABLES INCLUDING HOMEMADE DISHES
2976,"Vegetable chow mein, stir fry (with noodles)",10153,OTHER VEGETABLES INCLUDING HOMEMADE DISHES
2977,Vegetable enchiladas,6995,OTHER MANUFACTURED VEGETABLE PRODUCTS INCL RM
2978,Vegemite,10967,SAVOURY SAUCES PICKLES GRAVIES & CONDIMENTS
2979,Vegetable pizza,10028,PIZZA
2980,Vegetable risotto,8681,OTHER RICE INCLUDING HOMEMADE DISHES
2981,Honey mustard dressing / marinade,10265,SAVOURY SAUCES PICKLES GRAVIES & CONDIMENTS
2982,Vine leaves,1946,SALAD AND OTHER RAW VEGETABLES
2983,"Vimto, still",8144,SOFT DRINKS NOT LOW CALORIE RTD STILL
2984,Vegetable lasagne,8784,OTHER VEGETABLES INCLUDING HOMEMADE DISHES
2985,"Fruit yoghurt, virtually fat free, with added sugar (e.g. Liberté)",8990,YOGURT
2986,Vegetarian mince lasagne (e.g. Quorn),6323,MEAT ALTERNATIVES INCL READY MEALS & HOMEMADE DISH
2987,"Milkshake ready to drink (e.g. Frijj, yazoo)",8215,OTHER MILK
2988,Vegetarian meat-free slices (e.g. Quorn chicken/ham-style),3859,MEAT ALTERNATIVES INCL READY MEALS & HOMEMADE DISH
2989,Vegetable moussaka,8290,OTHER MANUFACTURED VEGETABLE PRODUCTS INCL RM
2990,Soda water,8333,BOTTLED WATER STILL OR CARBONATED
2991,"Vegetable soup, canned",2483,SOUP MANUFACTURED/ RETAIL
2992,Vegetable pancake/spring  roll,1919,OTHER VEGETABLES INCLUDING HOMEMADE DISHES
2993,Soft scoop vanilla ice cream,723,ICE CREAM
2994,"Weetabix on the go, breakfast drink",11206,OTHER MILK
2995,Watercress,1947,SALAD AND OTHER RAW VEGETABLES
2996,Cornish wafer,7650,BISCUITS MANUFACTURED / RETAIL
2997,Walker Sensations crisps,10001,CRISPS AND SAVOURY SNACKS
2998,Waldorf salad,8113,OTHER MANUFACTURED VEGETABLE PRODUCTS INCL RM
2999,Potato crisps (e.g. Walkers),10001,CRISPS AND SAVOURY SNACKS
3000,Walnuts,2199,NUTS AND SEEDS
3001,Wasabi,2428,SAVOURY SAUCES PICKLES GRAVIES & CONDIMENTS
3002,"Asparagus, canned",1657,OTHER VEGETABLES INCLUDING HOMEMADE DISHES
3003,"Sweet waffle, grilled",3204,OTHER CEREAL BASED PUDDINGS - HOMEMADE
3004,"Melon, watermelon",2085,OTHER FRUIT NOT CANNED
3005,Whitebait,1535,OTHER OILY FISH INCLUDING HOMEMADE DISHES
3006,"Sandwich thins, wholemeal (brown)",11784,WHOLEMEAL BREAD
3007,White chocolate Buttons,7960,CHOCOLATE CONFECTIONERY
3008,"White cabbage, cooked",2617,LEAFY GREEN VEGETABLES NOT RAW
3009,Weetabix crunchy bran,7623,HIGH FIBRE BREAKFAST CEREALS
3010,Dairy squirty/spray cream (e.g. anchor),643,CREAM (INCLUDING IMITATION CREAM)
3011,Whipped cream,644,CREAM (INCLUDING IMITATION CREAM)
3012,Wheat Crunchies,7878,CRISPS AND SAVOURY SNACKS
3013,"Croutons, wholemeal",135,WHOLEMEAL BREAD
3014,West Indian dumplings,9121,OTHER CEREALS
3015,"Welsh rarebit, on white toast",817,OTHER CEREALS
3016,"Weetabix minis, chocolate",3875,HIGH FIBRE BREAKFAST CEREALS
3017,Wensleydale cheese,683,OTHER CHEESE
3018,Werthers originals,3857,SUGAR CONFECTIONERY
3019,Weetabix Weetos,7632,HIGH FIBRE BREAKFAST CEREALS
3020,"Potato waffles, fried",1879,OTHER MANUFACTURED POTATO PRODUCTS FRIED/BAKED
3021,"Potato waffles, grilled/baked",1883,OTHER MANUFACTURED POTATO PRODUCTS FRIED/BAKED
3022,Wafer sandwich biscuit (e.g. pink wafer biscuit),272,BISCUITS MANUFACTURED / RETAIL
3023,"Sandwich thins, 50:50 bread",10775,BROWN GRANARY AND WHEATGERM BREAD
3024,White Grapes,2043,OTHER FRUIT NOT CANNED
3025,"Pasta white/tricolore, any shape (e.g. penne, fusilli, shells)",34,OTHER PASTA INCLUDING HOMEMADE DISHES
3026,"Toast, wholemeal (brown) bread",138,WHOLEMEAL BREAD
3027,"Pasta shapes, white/tricolore, dried (uncooked)",33,OTHER PASTA INCLUDING HOMEMADE DISHES
3028,"Bread roll, wholemeal (brown)",161,WHOLEMEAL BREAD
3029,"Spaghetti/tagliatelle (pasta), white or tricolore",34,OTHER PASTA INCLUDING HOMEMADE DISHES
3030,"Whiting, grilled or oven baked",7823,OTHER WHITE FISH INCLUDING HOMEMADE DISHES
3031,Wheatgerm bread (e.g. Hovis),110,BROWN GRANARY AND WHEATGERM BREAD
3032,"Toast, wheatgerm bread (e.g. Hovis)",10776,BROWN GRANARY AND WHEATGERM BREAD
3033,Wild rice,10013,OTHER RICE INCLUDING HOMEMADE DISHES
3034,Walkers lights,2691,CRISPS AND SAVOURY SNACKS
3035,Walkers Sunbites,10182,CRISPS AND SAVOURY SNACKS
3036,"Wrap/tortilla, wholemeal (brown)",10754,WHOLEMEAL BREAD
3037,"Pasta wholemeal, any shape (e.g. penne, fusilli, shells)",36,OTHER PASTA INCLUDING HOMEMADE DISHES
3038,Wholemeal (brown) flour,2643,OTHER CEREALS
3039,Whole milk,11518,WHOLE MILK
3040,"Pasta shapes, wholemeal, dried (uncooked)",35,OTHER PASTA INCLUDING HOMEMADE DISHES
3041,"Spaghetti/tagliatelle (pasta), wholemeal",36,OTHER PASTA INCLUDING HOMEMADE DISHES
3042,"Paratha, wholemeal (brown)",8595,WHOLEMEAL BREAD
3043,White pepper,2518,SAVOURY SAUCES PICKLES GRAVIES & CONDIMENTS
3044,"Pitta bread, white",116,WHITE BREAD (NOT HIGH FIBRE; NOT MULTISEED BREAD)
3045,"White rice, e.g. long-grain (including easy-cook)",58,OTHER RICE INCLUDING HOMEMADE DISHES
3046,Worcestershire sauce (e.g. Lea & Perrins),2453,SAVOURY SAUCES PICKLES GRAVIES & CONDIMENTS
3047,"Bread roll, white (e.g. hamburger bun, finger roll)",159,WHITE BREAD (NOT HIGH FIBRE; NOT MULTISEED BREAD)
3048,White sugar,2205,SUGAR
3049,White Chocolate shapes (e.g. mice/coins),7960,CHOCOLATE CONFECTIONERY
3050,Wholemeal (brown) bread,133,WHOLEMEAL BREAD
3051,"Sandwich thins, white",120,WHITE BREAD (NOT HIGH FIBRE; NOT MULTISEED BREAD)
3052,"Weetabix minis, fruit and nut",6132,HIGH FIBRE BREAKFAST CEREALS
3053,Weetabix / Wheat biscuits,225,HIGH FIBRE BREAKFAST CEREALS
3054,Water chestnuts,2647,OTHER VEGETABLES INCLUDING HOMEMADE DISHES
3055,Water biscuit,274,BISCUITS MANUFACTURED / RETAIL
3056,"Toast, white bread",126,WHITE BREAD (NOT HIGH FIBRE; NOT MULTISEED BREAD)
3057,"Chicken curry, ready meal, with rice, reduced fat",5627,MANUFACTURED CHICKEN PRODUCTS INCL READY MEALS
3058,Low-alcohol wine,9596,LOW ALCOHOL AND ALCOHOL FREE WINE
3059,"Sausage with vegetable mash, ready meal, reduced fat (e.g. Weight Watchers)",4283,MANUFACTURED BEEF PRODUCTS INCLUDING READY MEALS
3060,"Yam, cooked",1948,OTHER VEGETABLES INCLUDING HOMEMADE DISHES
3061,"Baby carrots, cooked",1711,CARROTS NOT RAW
3062,Yoghurt coated dried fruit pieces,7885,SUGAR CONFECTIONERY
3063,Yoghurt coated peanuts/raisins,7885,SUGAR CONFECTIONERY
3064,"Baby carrots, raw",1712,CARROTS RAW
3065,Dried yeast,2530,SAVOURY SAUCES PICKLES GRAVIES & CONDIMENTS
3066,"Natural yoghurt, fat free/very low fat (e.g. Total 0% fat greek yoghurt)",2700,YOGURT
3067,Fruit and yoghurt smoothie,11592,YOGURT
3068,Yoghurt based dip/dressing,9390,SAVOURY SAUCES PICKLES GRAVIES & CONDIMENTS
3069,Bear yoyo (pure fruit rolls),11269,SUGAR CONFECTIONERY
3070,"Yorkshire pudding, shop-bought (e.g. Aunt Bessie)",10712,OTHER CEREALS
3071,"Yorkshire pudding, homemade",10714,OTHER CEREALS
270,"Orange squash / juice, with ADDED SUGAR, diluted",8453,SOFT DRINKS NOT LOW CALORIE
306,"Ribena squash / juice, diluted, with ADDED SUGAR",5501,SOFT DRINKS NOT LOW CALORIE
312,"Fruit squash / juice, with ADDED SUGAR, diluted",8453,SOFT DRINKS NOT LOW CALORIE
388,Soft scoop chocolate ice cream,6972,ICE CREAM
407,Soft scoop vanilla ice cream,721,ICE CREAM
427,Thai vegetable curry,2967,VEGETABLES NOT RAW
493,Fruit and yoghurt smoothie,10038,YOGURT FROMAGE FRAIS AND DAIRY DESSERTS
546,Lactose free skimmed milk (e.g. Lactofree),11180,OTHER MILK AND CREAM
683,Poppadums,155,PASTA RICE AND OTHER CEREALS
762,"Soft scoop Ice cream, flavoured (e.g. raspberry ripple)",725,ICE CREAM
980,"Sandwich thins, wholemeal (brown)",11282,WHOLEMEAL BREAD
1040,"Aubergine, fried",1660,VEGETABLES NOT RAW
1102,Chicken stir fry (meat and vegetables),5286,CHICKEN AND TURKEY DISHES
1475,Chicken stir fry (meat and vegetables with sauce),5286,CHICKEN AND TURKEY DISHES
1551,"Beef bolognese sauce, made with bottled pasta sauce",5314,BEEF VEAL AND DISHES
1582,"Chicken casserole, canned",1101,CHICKEN AND TURKEY DISHES
1814,Hot dog/frankfurter with sauce in a bun,5308,SAUSAGES
2036,McDonald's Caesar salad,8096,CHICKEN AND TURKEY DISHES
2066,"Beef bolognese sauce, shop-bought",10576,BEEF VEAL AND DISHES
2332,"Turkey stir fry (including vegetables, no noodles/rice)",5286,CHICKEN AND TURKEY DISHES
